date,index,series,section,index_sa
2010-01-01,92.7,abs,A,
2010-02-01,93.3,abs,A,
2010-03-01,96.1,abs,A,
2010-04-01,95.3,abs,A,
2010-05-01,94.1,abs,A,
2010-06-01,94.4,abs,A,
2010-07-01,93.7,abs,A,
2010-08-01,98.5,abs,A,
2010-09-01,99.4,abs,A,
2010-10-01,104.6,abs,A,
2010-11-01,114.2,abs,A,
2010-12-01,123.8,abs,A,
2011-01-01,131.5,abs,A,
2011-02-01,134.1,abs,A,
2011-03-01,123.0,abs,A,
2011-04-01,121.0,abs,A,
2011-05-01,121.4,abs,A,
2011-06-01,120.6,abs,A,
2011-07-01,115.6,abs,A,
2011-08-01,116.6,abs,A,
2011-09-01,116.1,abs,A,
2011-10-01,109.4,abs,A,
2011-11-01,113.2,abs,A,
2011-12-01,113.1,abs,A,
2012-01-01,115.5,abs,A,
2012-02-01,114.1,abs,A,
2012-03-01,118.3,abs,A,
2012-04-01,120.9,abs,A,
2012-05-01,114.8,abs,A,
2012-06-01,107.5,abs,A,
2012-07-01,108.7,abs,A,
2012-08-01,102.9,abs,A,
2012-09-01,100.6,abs,A,
2012-10-01,90.7,abs,A,
2012-11-01,89.4,abs,A,
2012-12-01,87.3,abs,A,
2013-01-01,91.6,abs,A,
2013-02-01,95.2,abs,A,
2013-03-01,93.4,abs,A,
2013-04-01,91.7,abs,A,
2013-05-01,91.7,abs,A,
2013-06-01,94.4,abs,A,
2013-07-01,93.2,abs,A,
2013-08-01,93.0,abs,A,
2013-09-01,93.8,abs,A,
2013-10-01,93.4,abs,A,
2013-11-01,98.4,abs,A,
2013-12-01,100.2,abs,A,
2014-01-01,99.9,abs,A,
2014-02-01,102.1,abs,A,
2014-03-01,107.0,abs,A,
2014-04-01,102.1,abs,A,
2014-05-01,99.5,abs,A,
2014-06-01,97.0,abs,A,
2014-07-01,95.4,abs,A,
2014-08-01,89.5,abs,A,
2014-09-01,87.4,abs,A,
2014-10-01,89.3,abs,A,
2014-11-01,90.8,abs,A,
2014-12-01,90.9,abs,A,
2015-01-01,95.2,abs,A,
2015-02-01,95.0,abs,A,
2015-03-01,95.0,abs,A,
2015-04-01,92.0,abs,A,
2015-05-01,91.4,abs,A,
2015-06-01,93.7,abs,A,
2015-07-01,92.1,abs,A,
2015-08-01,87.5,abs,A,
2015-09-01,88.4,abs,A,
2015-10-01,93.1,abs,A,
2015-11-01,91.0,abs,A,
2015-12-01,92.5,abs,A,
2016-01-01,95.8,abs,A,
2016-02-01,99.0,abs,A,
2016-03-01,102.9,abs,A,
2016-04-01,105.8,abs,A,
2016-05-01,105.9,abs,A,
2016-06-01,104.9,abs,A,
2016-07-01,102.0,abs,A,
2016-08-01,107.9,abs,A,
2016-09-01,113.4,abs,A,
2016-10-01,108.8,abs,A,
2016-11-01,115.3,abs,A,
2016-12-01,124.4,abs,A,
2017-01-01,127.8,abs,A,123.4
2017-02-01,128.0,abs,A,123.6
2017-03-01,117.1,abs,A,113.0
2017-04-01,110.0,abs,A,107.6
2017-05-01,112.7,abs,A,111.9
2017-06-01,110.1,abs,A,110.4
2017-07-01,110.0,abs,A,111.3
2017-08-01,111.4,abs,A,116.1
2017-09-01,115.1,abs,A,118.2
2017-10-01,113.5,abs,A,117.9
2017-11-01,113.2,abs,A,115.2
2017-12-01,107.2,abs,A,107.2
2018-01-01,110.1,abs,A,106.2
2018-02-01,107.3,abs,A,103.6
2018-03-01,104.2,abs,A,100.7
2018-04-01,102.5,abs,A,100.3
2018-05-01,101.9,abs,A,101.2
2018-06-01,99.0,abs,A,99.4
2018-07-01,97.4,abs,A,98.6
2018-08-01,96.7,abs,A,100.8
2018-09-01,96.2,abs,A,98.7
2018-10-01,93.5,abs,A,97.0
2018-11-01,87.5,abs,A,89.0
2018-12-01,88.3,abs,A,88.2
2019-01-01,94.7,abs,A,90.7
2019-02-01,94.9,abs,A,90.9
2019-03-01,89.4,abs,A,89.5
2019-04-01,90.3,abs,A,90.3
2019-05-01,88.9,abs,A,90.0
2019-06-01,89.9,abs,A,92.3
2019-07-01,91.1,abs,A,93.5
2019-08-01,95.8,abs,A,96.5
2019-09-01,95.1,abs,A,94.5
2019-10-01,94.9,abs,A,95.4
2019-11-01,104.9,abs,A,105.3
2019-12-01,107.6,abs,A,108.9
2020-01-01,111.7,abs,A,106.9
2020-02-01,103.6,abs,A,99.2
2020-03-01,101.4,abs,A,101.7
2020-04-01,98.2,abs,A,98.4
2020-05-01,93.8,abs,A,95.0
2020-06-01,103.5,abs,A,106.4
2020-07-01,104.4,abs,A,107.2
2020-08-01,110.7,abs,A,111.3
2020-09-01,113.5,abs,A,112.5
2020-10-01,114.8,abs,A,115.4
2020-11-01,127.5,abs,A,127.9
2020-12-01,132.9,abs,A,134.6
2021-01-01,136.9,abs,A,129.1
2021-02-01,139.9,abs,A,135.5
2021-03-01,143.1,abs,A,144.7
2021-04-01,147.1,abs,A,150.5
2021-05-01,150.1,abs,A,154.0
2021-06-01,134.3,abs,A,138.1
2021-07-01,137.3,abs,A,141.4
2021-08-01,141.2,abs,A,141.7
2021-09-01,141.6,abs,A,142.1
2021-10-01,143.3,abs,A,146.5
2021-11-01,151.8,abs,A,147.5
2021-12-01,147.4,abs,A,144.1
2022-01-01,154.0,abs,A,145.2
2022-02-01,164.6,abs,A,159.5
2022-03-01,178.7,abs,A,178.3
2022-04-01,173.6,abs,A,175.0
2022-05-01,175.2,abs,A,179.1
2022-06-01,158.6,abs,A,162.7
2022-07-01,123.2,abs,A,128.2
2022-08-01,126.3,abs,A,127.6
2022-09-01,119.6,abs,A,121.8
2022-10-01,117.2,abs,A,121.2
2022-11-01,123.7,abs,A,119.7
2022-12-01,121.6,abs,A,118.1
2023-01-01,121.8,abs,A,116.067
2023-02-01,121.7,abs,A,117.41
2023-03-01,127.5,abs,A,124.487
2023-04-01,128.5,abs,A,124.596
2023-05-01,127.6,abs,A,128.976
2023-06-01,126.3,abs,A,126.273
2023-07-01,127.6,abs,A,133.109
2023-08-01,125.1,abs,A,129.33
2023-09-01,123.4,abs,A,128.887
2023-10-01,121.6,abs,A,127.681
2023-11-01,123.2,abs,A,120.808
2023-12-01,123.2,abs,A,121.589
2024-01-01,125.7,abs,A,123.5
2024-02-01,129.0,abs,A,125.2
2024-03-01,134.5,abs,A,126.6
2024-04-01,135.5,abs,A,127.1
2024-05-01,129.2,abs,A,125.8
2024-06-01,130.6,abs,A,129.2
2024-07-01,132.0,abs,A,136.1
2024-08-01,128.5,abs,A,135.1
2024-09-01,130.6,abs,A,138.9
2024-10-01,138.4,abs,A,147.1
2024-11-01,150.1,abs,A,151.3
2024-12-01,152.5,abs,A,154.5
2025-01-01,146.5,abs,A,146.544
2025-02-01,148.6,abs,A,144.834
2025-03-01,147.8,abs,A,138.344
2025-04-01,139.0,abs,A,129.425
2025-05-01,131.5,abs,A,128.12
2025-06-01,130.2,abs,A,127.645
2025-07-01,133.5,abs,A,134.718
2025-08-01,137.9,abs,A,144.564
2025-09-01,140.8,abs,A,150.132
2025-10-01,142.1,abs,A,150.803
2025-11-01,135.5,abs,A,137.601
2025-12-01,134.0,abs,A,137.608
2026-01-01,134.4,abs,A,133.5
2011-01-01,41.855,growth_yoy,A,
2011-02-01,43.73,growth_yoy,A,
2011-03-01,27.992,growth_yoy,A,
2011-04-01,26.967,growth_yoy,A,
2011-05-01,29.012,growth_yoy,A,
2011-06-01,27.754,growth_yoy,A,
2011-07-01,23.372,growth_yoy,A,
2011-08-01,18.376,growth_yoy,A,
2011-09-01,16.801,growth_yoy,A,
2011-10-01,4.589,growth_yoy,A,
2011-11-01,-0.876,growth_yoy,A,
2011-12-01,-8.643,growth_yoy,A,
2012-01-01,-12.167,growth_yoy,A,
2012-02-01,-14.914,growth_yoy,A,
2012-03-01,-3.821,growth_yoy,A,
2012-04-01,-0.083,growth_yoy,A,
2012-05-01,-5.437,growth_yoy,A,
2012-06-01,-10.862,growth_yoy,A,
2012-07-01,-5.969,growth_yoy,A,
2012-08-01,-11.75,growth_yoy,A,
2012-09-01,-13.351,growth_yoy,A,
2012-10-01,-17.093,growth_yoy,A,
2012-11-01,-21.025,growth_yoy,A,
2012-12-01,-22.812,growth_yoy,A,
2013-01-01,-20.693,growth_yoy,A,
2013-02-01,-16.564,growth_yoy,A,
2013-03-01,-21.048,growth_yoy,A,
2013-04-01,-24.152,growth_yoy,A,
2013-05-01,-20.122,growth_yoy,A,
2013-06-01,-12.186,growth_yoy,A,
2013-07-01,-14.259,growth_yoy,A,
2013-08-01,-9.621,growth_yoy,A,
2013-09-01,-6.759,growth_yoy,A,
2013-10-01,2.977,growth_yoy,A,
2013-11-01,10.067,growth_yoy,A,
2013-12-01,14.777,growth_yoy,A,
2014-01-01,9.061,growth_yoy,A,
2014-02-01,7.248,growth_yoy,A,
2014-03-01,14.561,growth_yoy,A,
2014-04-01,11.341,growth_yoy,A,
2014-05-01,8.506,growth_yoy,A,
2014-06-01,2.754,growth_yoy,A,
2014-07-01,2.361,growth_yoy,A,
2014-08-01,-3.763,growth_yoy,A,
2014-09-01,-6.823,growth_yoy,A,
2014-10-01,-4.39,growth_yoy,A,
2014-11-01,-7.724,growth_yoy,A,
2014-12-01,-9.281,growth_yoy,A,
2015-01-01,-4.705,growth_yoy,A,
2015-02-01,-6.954,growth_yoy,A,
2015-03-01,-11.215,growth_yoy,A,
2015-04-01,-9.892,growth_yoy,A,
2015-05-01,-8.141,growth_yoy,A,
2015-06-01,-3.402,growth_yoy,A,
2015-07-01,-3.459,growth_yoy,A,
2015-08-01,-2.235,growth_yoy,A,
2015-09-01,1.144,growth_yoy,A,
2015-10-01,4.255,growth_yoy,A,
2015-11-01,0.22,growth_yoy,A,
2015-12-01,1.76,growth_yoy,A,
2016-01-01,0.63,growth_yoy,A,
2016-02-01,4.211,growth_yoy,A,
2016-03-01,8.316,growth_yoy,A,
2016-04-01,15.0,growth_yoy,A,
2016-05-01,15.864,growth_yoy,A,
2016-06-01,11.953,growth_yoy,A,
2016-07-01,10.749,growth_yoy,A,
2016-08-01,23.314,growth_yoy,A,
2016-09-01,28.281,growth_yoy,A,
2016-10-01,16.864,growth_yoy,A,
2016-11-01,26.703,growth_yoy,A,
2016-12-01,34.486,growth_yoy,A,
2017-01-01,33.403,growth_yoy,A,
2017-02-01,29.293,growth_yoy,A,
2017-03-01,13.8,growth_yoy,A,
2017-04-01,3.97,growth_yoy,A,
2017-05-01,6.421,growth_yoy,A,
2017-06-01,4.957,growth_yoy,A,
2017-07-01,7.843,growth_yoy,A,
2017-08-01,3.244,growth_yoy,A,
2017-09-01,1.499,growth_yoy,A,
2017-10-01,4.32,growth_yoy,A,
2017-11-01,-1.821,growth_yoy,A,
2017-12-01,-13.826,growth_yoy,A,
2018-01-01,-13.85,growth_yoy,A,
2018-02-01,-16.172,growth_yoy,A,
2018-03-01,-11.016,growth_yoy,A,
2018-04-01,-6.818,growth_yoy,A,
2018-05-01,-9.583,growth_yoy,A,
2018-06-01,-10.082,growth_yoy,A,
2018-07-01,-11.455,growth_yoy,A,
2018-08-01,-13.196,growth_yoy,A,
2018-09-01,-16.421,growth_yoy,A,
2018-10-01,-17.621,growth_yoy,A,
2018-11-01,-22.703,growth_yoy,A,
2018-12-01,-17.631,growth_yoy,A,
2019-01-01,-13.987,growth_yoy,A,
2019-02-01,-11.556,growth_yoy,A,
2019-03-01,-14.203,growth_yoy,A,
2019-04-01,-11.902,growth_yoy,A,
2019-05-01,-12.758,growth_yoy,A,
2019-06-01,-9.192,growth_yoy,A,
2019-07-01,-6.468,growth_yoy,A,
2019-08-01,-0.931,growth_yoy,A,
2019-09-01,-1.143,growth_yoy,A,
2019-10-01,1.497,growth_yoy,A,
2019-11-01,19.886,growth_yoy,A,
2019-12-01,21.857,growth_yoy,A,
2020-01-01,17.951,growth_yoy,A,
2020-02-01,9.168,growth_yoy,A,
2020-03-01,13.423,growth_yoy,A,
2020-04-01,8.749,growth_yoy,A,
2020-05-01,5.512,growth_yoy,A,
2020-06-01,15.128,growth_yoy,A,
2020-07-01,14.599,growth_yoy,A,
2020-08-01,15.553,growth_yoy,A,
2020-09-01,19.348,growth_yoy,A,
2020-10-01,20.969,growth_yoy,A,
2020-11-01,21.544,growth_yoy,A,
2020-12-01,23.513,growth_yoy,A,
2021-01-01,22.56,growth_yoy,A,
2021-02-01,35.039,growth_yoy,A,
2021-03-01,41.124,growth_yoy,A,
2021-04-01,49.796,growth_yoy,A,
2021-05-01,60.021,growth_yoy,A,
2021-06-01,29.758,growth_yoy,A,
2021-07-01,31.513,growth_yoy,A,
2021-08-01,27.552,growth_yoy,A,
2021-09-01,24.758,growth_yoy,A,
2021-10-01,24.826,growth_yoy,A,
2021-11-01,19.059,growth_yoy,A,
2021-12-01,10.91,growth_yoy,A,
2022-01-01,12.491,growth_yoy,A,
2022-02-01,17.655,growth_yoy,A,
2022-03-01,24.878,growth_yoy,A,
2022-04-01,18.015,growth_yoy,A,
2022-05-01,16.722,growth_yoy,A,
2022-06-01,18.094,growth_yoy,A,
2022-07-01,-10.269,growth_yoy,A,
2022-08-01,-10.552,growth_yoy,A,
2022-09-01,-15.537,growth_yoy,A,
2022-10-01,-18.214,growth_yoy,A,
2022-11-01,-18.511,growth_yoy,A,
2022-12-01,-17.503,growth_yoy,A,
2023-01-01,-20.909,growth_yoy,A,
2023-02-01,-26.063,growth_yoy,A,
2023-03-01,-28.651,growth_yoy,A,
2023-04-01,-25.979,growth_yoy,A,
2023-05-01,-27.169,growth_yoy,A,
2023-06-01,-20.366,growth_yoy,A,
2023-07-01,3.571,growth_yoy,A,
2023-08-01,-0.95,growth_yoy,A,
2023-09-01,3.177,growth_yoy,A,
2023-10-01,3.754,growth_yoy,A,
2023-11-01,-0.404,growth_yoy,A,
2023-12-01,1.316,growth_yoy,A,
2024-01-01,3.202,growth_yoy,A,
2024-02-01,5.998,growth_yoy,A,
2024-03-01,5.49,growth_yoy,A,
2024-04-01,5.447,growth_yoy,A,
2024-05-01,1.254,growth_yoy,A,
2024-06-01,3.405,growth_yoy,A,
2024-07-01,3.448,growth_yoy,A,
2024-08-01,2.718,growth_yoy,A,
2024-09-01,5.835,growth_yoy,A,
2024-10-01,13.816,growth_yoy,A,
2024-11-01,21.834,growth_yoy,A,
2024-12-01,23.782,growth_yoy,A,
2025-01-01,16.547,growth_yoy,A,
2025-02-01,15.194,growth_yoy,A,
2025-03-01,9.888,growth_yoy,A,
2025-04-01,2.583,growth_yoy,A,
2025-05-01,1.78,growth_yoy,A,
2025-06-01,-0.306,growth_yoy,A,
2025-07-01,1.136,growth_yoy,A,
2025-08-01,7.315,growth_yoy,A,
2025-09-01,7.81,growth_yoy,A,
2025-10-01,2.673,growth_yoy,A,
2025-11-01,-9.727,growth_yoy,A,
2025-12-01,-12.131,growth_yoy,A,
2026-01-01,-8.259,growth_yoy,A,
2010-02-01,0.647,growth_mom,A,
2010-03-01,3.001,growth_mom,A,
2010-04-01,-0.832,growth_mom,A,
2010-05-01,-1.259,growth_mom,A,
2010-06-01,0.319,growth_mom,A,
2010-07-01,-0.742,growth_mom,A,
2010-08-01,5.123,growth_mom,A,
2010-09-01,0.914,growth_mom,A,
2010-10-01,5.231,growth_mom,A,
2010-11-01,9.178,growth_mom,A,
2010-12-01,8.406,growth_mom,A,
2011-01-01,6.22,growth_mom,A,
2011-02-01,1.977,growth_mom,A,
2011-03-01,-8.277,growth_mom,A,
2011-04-01,-1.626,growth_mom,A,
2011-05-01,0.331,growth_mom,A,
2011-06-01,-0.659,growth_mom,A,
2011-07-01,-4.146,growth_mom,A,
2011-08-01,0.865,growth_mom,A,
2011-09-01,-0.429,growth_mom,A,
2011-10-01,-5.771,growth_mom,A,
2011-11-01,3.473,growth_mom,A,
2011-12-01,-0.088,growth_mom,A,
2012-01-01,2.122,growth_mom,A,
2012-02-01,-1.212,growth_mom,A,
2012-03-01,3.681,growth_mom,A,
2012-04-01,2.198,growth_mom,A,
2012-05-01,-5.045,growth_mom,A,
2012-06-01,-6.359,growth_mom,A,
2012-07-01,1.116,growth_mom,A,
2012-08-01,-5.336,growth_mom,A,
2012-09-01,-2.235,growth_mom,A,
2012-10-01,-9.841,growth_mom,A,
2012-11-01,-1.433,growth_mom,A,
2012-12-01,-2.349,growth_mom,A,
2013-01-01,4.926,growth_mom,A,
2013-02-01,3.93,growth_mom,A,
2013-03-01,-1.891,growth_mom,A,
2013-04-01,-1.82,growth_mom,A,
2013-05-01,0.0,growth_mom,A,
2013-06-01,2.944,growth_mom,A,
2013-07-01,-1.271,growth_mom,A,
2013-08-01,-0.215,growth_mom,A,
2013-09-01,0.86,growth_mom,A,
2013-10-01,-0.426,growth_mom,A,
2013-11-01,5.353,growth_mom,A,
2013-12-01,1.829,growth_mom,A,
2014-01-01,-0.299,growth_mom,A,
2014-02-01,2.202,growth_mom,A,
2014-03-01,4.799,growth_mom,A,
2014-04-01,-4.579,growth_mom,A,
2014-05-01,-2.547,growth_mom,A,
2014-06-01,-2.513,growth_mom,A,
2014-07-01,-1.649,growth_mom,A,
2014-08-01,-6.184,growth_mom,A,
2014-09-01,-2.346,growth_mom,A,
2014-10-01,2.174,growth_mom,A,
2014-11-01,1.68,growth_mom,A,
2014-12-01,0.11,growth_mom,A,
2015-01-01,4.73,growth_mom,A,
2015-02-01,-0.21,growth_mom,A,
2015-03-01,0.0,growth_mom,A,
2015-04-01,-3.158,growth_mom,A,
2015-05-01,-0.652,growth_mom,A,
2015-06-01,2.516,growth_mom,A,
2015-07-01,-1.708,growth_mom,A,
2015-08-01,-4.995,growth_mom,A,
2015-09-01,1.029,growth_mom,A,
2015-10-01,5.317,growth_mom,A,
2015-11-01,-2.256,growth_mom,A,
2015-12-01,1.648,growth_mom,A,
2016-01-01,3.568,growth_mom,A,
2016-02-01,3.34,growth_mom,A,
2016-03-01,3.939,growth_mom,A,
2016-04-01,2.818,growth_mom,A,
2016-05-01,0.095,growth_mom,A,
2016-06-01,-0.944,growth_mom,A,
2016-07-01,-2.765,growth_mom,A,
2016-08-01,5.784,growth_mom,A,
2016-09-01,5.097,growth_mom,A,
2016-10-01,-4.056,growth_mom,A,
2016-11-01,5.974,growth_mom,A,
2016-12-01,7.892,growth_mom,A,
2017-01-01,2.733,growth_mom,A,
2017-02-01,0.156,growth_mom,A,0.162
2017-03-01,-8.516,growth_mom,A,-8.576
2017-04-01,-6.063,growth_mom,A,-4.779
2017-05-01,2.455,growth_mom,A,3.996
2017-06-01,-2.307,growth_mom,A,-1.34
2017-07-01,-0.091,growth_mom,A,0.815
2017-08-01,1.273,growth_mom,A,4.313
2017-09-01,3.321,growth_mom,A,1.809
2017-10-01,-1.39,growth_mom,A,-0.254
2017-11-01,-0.264,growth_mom,A,-2.29
2017-12-01,-5.3,growth_mom,A,-6.944
2018-01-01,2.705,growth_mom,A,-0.933
2018-02-01,-2.543,growth_mom,A,-2.448
2018-03-01,-2.889,growth_mom,A,-2.799
2018-04-01,-1.631,growth_mom,A,-0.397
2018-05-01,-0.585,growth_mom,A,0.897
2018-06-01,-2.846,growth_mom,A,-1.779
2018-07-01,-1.616,growth_mom,A,-0.805
2018-08-01,-0.719,growth_mom,A,2.231
2018-09-01,-0.517,growth_mom,A,-2.083
2018-10-01,-2.807,growth_mom,A,-1.722
2018-11-01,-6.417,growth_mom,A,-8.247
2018-12-01,0.914,growth_mom,A,-0.899
2019-01-01,7.248,growth_mom,A,2.834
2019-02-01,0.211,growth_mom,A,0.221
2019-03-01,-5.796,growth_mom,A,-1.54
2019-04-01,1.007,growth_mom,A,0.894
2019-05-01,-1.55,growth_mom,A,-0.332
2019-06-01,1.125,growth_mom,A,2.556
2019-07-01,1.335,growth_mom,A,1.3
2019-08-01,5.159,growth_mom,A,3.209
2019-09-01,-0.731,growth_mom,A,-2.073
2019-10-01,-0.21,growth_mom,A,0.952
2019-11-01,10.537,growth_mom,A,10.377
2019-12-01,2.574,growth_mom,A,3.419
2020-01-01,3.81,growth_mom,A,-1.837
2020-02-01,-7.252,growth_mom,A,-7.203
2020-03-01,-2.124,growth_mom,A,2.52
2020-04-01,-3.156,growth_mom,A,-3.245
2020-05-01,-4.481,growth_mom,A,-3.455
2020-06-01,10.341,growth_mom,A,12.0
2020-07-01,0.87,growth_mom,A,0.752
2020-08-01,6.034,growth_mom,A,3.825
2020-09-01,2.529,growth_mom,A,1.078
2020-10-01,1.145,growth_mom,A,2.578
2020-11-01,11.063,growth_mom,A,10.832
2020-12-01,4.235,growth_mom,A,5.238
2021-01-01,3.01,growth_mom,A,-4.086
2021-02-01,2.191,growth_mom,A,4.957
2021-03-01,2.287,growth_mom,A,6.79
2021-04-01,2.795,growth_mom,A,4.008
2021-05-01,2.039,growth_mom,A,2.326
2021-06-01,-10.526,growth_mom,A,-10.325
2021-07-01,2.234,growth_mom,A,2.39
2021-08-01,2.84,growth_mom,A,0.212
2021-09-01,0.283,growth_mom,A,0.282
2021-10-01,1.201,growth_mom,A,3.096
2021-11-01,5.932,growth_mom,A,0.683
2021-12-01,-2.899,growth_mom,A,-2.305
2022-01-01,4.478,growth_mom,A,0.763
2022-02-01,6.883,growth_mom,A,9.848
2022-03-01,8.566,growth_mom,A,11.787
2022-04-01,-2.854,growth_mom,A,-1.851
2022-05-01,0.922,growth_mom,A,2.343
2022-06-01,-9.475,growth_mom,A,-9.157
2022-07-01,-22.32,growth_mom,A,-21.205
2022-08-01,2.516,growth_mom,A,-0.468
2022-09-01,-5.305,growth_mom,A,-4.545
2022-10-01,-2.007,growth_mom,A,-0.493
2022-11-01,5.546,growth_mom,A,-1.238
2022-12-01,-1.698,growth_mom,A,-1.337
2023-01-01,0.164,growth_mom,A,-1.721
2023-02-01,-0.082,growth_mom,A,1.157
2023-03-01,4.766,growth_mom,A,6.028
2023-04-01,0.784,growth_mom,A,0.088
2023-05-01,-0.7,growth_mom,A,3.515
2023-06-01,-1.019,growth_mom,A,-2.095
2023-07-01,1.029,growth_mom,A,5.414
2023-08-01,-1.959,growth_mom,A,-2.839
2023-09-01,-1.359,growth_mom,A,-0.343
2023-10-01,-1.459,growth_mom,A,-0.935
2023-11-01,1.316,growth_mom,A,-5.383
2023-12-01,0.0,growth_mom,A,0.646
2024-01-01,2.029,growth_mom,A,1.572
2024-02-01,2.625,growth_mom,A,1.377
2024-03-01,4.264,growth_mom,A,1.118
2024-04-01,0.743,growth_mom,A,0.395
2024-05-01,-4.649,growth_mom,A,-1.023
2024-06-01,1.084,growth_mom,A,2.703
2024-07-01,1.072,growth_mom,A,5.341
2024-08-01,-2.652,growth_mom,A,-0.735
2024-09-01,1.634,growth_mom,A,2.813
2024-10-01,5.972,growth_mom,A,5.904
2024-11-01,8.454,growth_mom,A,2.855
2024-12-01,1.599,growth_mom,A,2.115
2025-01-01,-3.934,growth_mom,A,-5.15
2025-02-01,1.433,growth_mom,A,-1.167
2025-03-01,-0.538,growth_mom,A,-4.481
2025-04-01,-5.954,growth_mom,A,-6.447
2025-05-01,-5.396,growth_mom,A,-1.008
2025-06-01,-0.989,growth_mom,A,-0.371
2025-07-01,2.535,growth_mom,A,5.541
2025-08-01,3.296,growth_mom,A,7.309
2025-09-01,2.103,growth_mom,A,3.851
2025-10-01,0.923,growth_mom,A,0.447
2025-11-01,-4.645,growth_mom,A,-8.754
2025-12-01,-1.107,growth_mom,A,0.005
2026-01-01,0.299,growth_mom,A,-2.985
2010-01-01,99.4,abs,B,
2010-02-01,97.8,abs,B,
2010-03-01,108.6,abs,B,
2010-04-01,107.7,abs,B,
2010-05-01,91.4,abs,B,
2010-06-01,97.6,abs,B,
2010-07-01,98.4,abs,B,
2010-08-01,97.0,abs,B,
2010-09-01,90.4,abs,B,
2010-10-01,105.7,abs,B,
2010-11-01,100.5,abs,B,
2010-12-01,105.5,abs,B,
2011-01-01,109.8,abs,B,
2011-02-01,107.8,abs,B,
2011-03-01,133.2,abs,B,
2011-04-01,138.7,abs,B,
2011-05-01,137.2,abs,B,
2011-06-01,139.6,abs,B,
2011-07-01,143.6,abs,B,
2011-08-01,144.5,abs,B,
2011-09-01,143.9,abs,B,
2011-10-01,146.8,abs,B,
2011-11-01,140.2,abs,B,
2011-12-01,148.1,abs,B,
2012-01-01,142.1,abs,B,
2012-02-01,149.9,abs,B,
2012-03-01,157.2,abs,B,
2012-04-01,152.5,abs,B,
2012-05-01,139.5,abs,B,
2012-06-01,129.6,abs,B,
2012-07-01,138.3,abs,B,
2012-08-01,148.1,abs,B,
2012-09-01,145.1,abs,B,
2012-10-01,138.7,abs,B,
2012-11-01,128.8,abs,B,
2012-12-01,122.8,abs,B,
2013-01-01,137.5,abs,B,
2013-02-01,145.2,abs,B,
2013-03-01,135.4,abs,B,
2013-04-01,133.8,abs,B,
2013-05-01,129.6,abs,B,
2013-06-01,136.2,abs,B,
2013-07-01,141.4,abs,B,
2013-08-01,145.3,abs,B,
2013-09-01,145.9,abs,B,
2013-10-01,145.0,abs,B,
2013-11-01,144.7,abs,B,
2013-12-01,147.5,abs,B,
2014-01-01,144.4,abs,B,
2014-02-01,152.0,abs,B,
2014-03-01,147.9,abs,B,
2014-04-01,144.9,abs,B,
2014-05-01,145.4,abs,B,
2014-06-01,143.6,abs,B,
2014-07-01,137.9,abs,B,
2014-08-01,131.0,abs,B,
2014-09-01,133.2,abs,B,
2014-10-01,122.1,abs,B,
2014-11-01,116.1,abs,B,
2014-12-01,98.7,abs,B,
2015-01-01,88.8,abs,B,
2015-02-01,96.5,abs,B,
2015-03-01,92.0,abs,B,
2015-04-01,98.2,abs,B,
2015-05-01,94.7,abs,B,
2015-06-01,81.0,abs,B,
2015-07-01,81.2,abs,B,
2015-08-01,77.4,abs,B,
2015-09-01,80.5,abs,B,
2015-10-01,83.8,abs,B,
2015-11-01,79.1,abs,B,
2015-12-01,80.5,abs,B,
2016-01-01,66.9,abs,B,
2016-02-01,69.7,abs,B,
2016-03-01,69.1,abs,B,
2016-04-01,69.1,abs,B,
2016-05-01,72.8,abs,B,
2016-06-01,73.2,abs,B,
2016-07-01,67.0,abs,B,
2016-08-01,72.2,abs,B,
2016-09-01,71.4,abs,B,
2016-10-01,78.7,abs,B,
2016-11-01,75.3,abs,B,
2016-12-01,89.8,abs,B,
2017-01-01,95.5,abs,B,102.2
2017-02-01,94.6,abs,B,92.8
2017-03-01,92.1,abs,B,91.7
2017-04-01,91.2,abs,B,89.6
2017-05-01,85.1,abs,B,83.0
2017-06-01,80.7,abs,B,83.3
2017-07-01,83.1,abs,B,86.5
2017-08-01,84.9,abs,B,87.6
2017-09-01,93.4,abs,B,92.6
2017-10-01,94.1,abs,B,91.1
2017-11-01,98.4,abs,B,94.7
2017-12-01,97.8,abs,B,95.3
2018-01-01,104.0,abs,B,111.7
2018-02-01,97.5,abs,B,95.7
2018-03-01,97.4,abs,B,97.0
2018-04-01,105.7,abs,B,103.8
2018-05-01,110.5,abs,B,107.6
2018-06-01,107.4,abs,B,111.1
2018-07-01,110.2,abs,B,115.1
2018-08-01,109.2,abs,B,113.0
2018-09-01,120.4,abs,B,119.5
2018-10-01,122.9,abs,B,118.8
2018-11-01,102.8,abs,B,98.8
2018-12-01,93.6,abs,B,91.0
2019-01-01,95.3,abs,B,95.5
2019-02-01,99.8,abs,B,99.8
2019-03-01,100.3,abs,B,101.7
2019-04-01,107.2,abs,B,105.2
2019-05-01,110.1,abs,B,107.7
2019-06-01,100.5,abs,B,103.7
2019-07-01,99.3,abs,B,103.1
2019-08-01,97.3,abs,B,100.8
2019-09-01,103.1,abs,B,100.2
2019-10-01,100.5,abs,B,100.3
2019-11-01,109.4,abs,B,107.6
2019-12-01,111.7,abs,B,108.5
2020-01-01,104.1,abs,B,104.1
2020-02-01,94.6,abs,B,94.5
2020-03-01,64.4,abs,B,65.3
2020-04-01,44.7,abs,B,43.9
2020-05-01,52.1,abs,B,51.1
2020-06-01,57.8,abs,B,59.7
2020-07-01,62.6,abs,B,65.0
2020-08-01,64.5,abs,B,66.8
2020-09-01,58.6,abs,B,56.8
2020-10-01,56.8,abs,B,56.8
2020-11-01,59.3,abs,B,58.4
2020-12-01,67.0,abs,B,65.1
2021-01-01,74.6,abs,B,71.1
2021-02-01,84.2,abs,B,83.2
2021-03-01,85.0,abs,B,91.4
2021-04-01,86.0,abs,B,87.1
2021-05-01,87.8,abs,B,89.0
2021-06-01,95.0,abs,B,100.7
2021-07-01,98.7,abs,B,101.4
2021-08-01,97.9,abs,B,101.7
2021-09-01,98.5,abs,B,94.3
2021-10-01,103.9,abs,B,104.1
2021-11-01,101.5,abs,B,97.5
2021-12-01,97.2,abs,B,90.3
2022-01-01,100.2,abs,B,94.3
2022-02-01,103.8,abs,B,98.0
2022-03-01,109.0,abs,B,112.1
2022-04-01,101.8,abs,B,104.5
2022-05-01,105.9,abs,B,110.6
2022-06-01,111.6,abs,B,115.5
2022-07-01,107.6,abs,B,111.0
2022-08-01,103.6,abs,B,107.9
2022-09-01,98.5,abs,B,98.0
2022-10-01,103.4,abs,B,103.5
2022-11-01,103.9,abs,B,101.1
2022-12-01,100.8,abs,B,96.0
2023-01-01,98.0,abs,B,96.1
2023-02-01,97.1,abs,B,93.4
2023-03-01,96.5,abs,B,95.0
2023-04-01,97.0,abs,B,98.7
2023-05-01,94.6,abs,B,97.3
2023-06-01,93.1,abs,B,92.7
2023-07-01,96.0,abs,B,96.3
2023-08-01,99.7,abs,B,101.4
2023-09-01,105.3,abs,B,106.4
2023-10-01,103.9,abs,B,103.1
2023-11-01,99.0,abs,B,99.4
2023-12-01,97.4,abs,B,98.5
2024-01-01,96.7,abs,B,95.0
2024-02-01,102.2,abs,B,98.3
2024-03-01,104.5,abs,B,102.6
2024-04-01,106.7,abs,B,108.6
2024-05-01,100.8,abs,B,103.8
2024-06-01,97.4,abs,B,96.8
2024-07-01,98.1,abs,B,98.3
2024-08-01,91.4,abs,B,92.9
2024-09-01,88.3,abs,B,89.4
2024-10-01,85.9,abs,B,85.1
2024-11-01,90.8,abs,B,91.3
2024-12-01,90.6,abs,B,91.9
2025-01-01,95.4,abs,B,97.1
2025-02-01,92.3,abs,B,90.7
2025-03-01,88.8,abs,B,87.0
2025-04-01,87.7,abs,B,87.9
2025-05-01,85.7,abs,B,86.2
2025-06-01,89.6,abs,B,89.1
2025-07-01,89.6,abs,B,88.8
2025-08-01,88.3,abs,B,88.9
2025-09-01,89.3,abs,B,91.1
2025-10-01,85.0,abs,B,84.3
2025-11-01,84.3,abs,B,84.5
2025-12-01,82.6,abs,B,84.6
2026-01-01,84.2,abs,B,85.9
2011-01-01,10.463,growth_yoy,B,
2011-02-01,10.225,growth_yoy,B,
2011-03-01,22.652,growth_yoy,B,
2011-04-01,28.784,growth_yoy,B,
2011-05-01,50.109,growth_yoy,B,
2011-06-01,43.033,growth_yoy,B,
2011-07-01,45.935,growth_yoy,B,
2011-08-01,48.969,growth_yoy,B,
2011-09-01,59.181,growth_yoy,B,
2011-10-01,38.884,growth_yoy,B,
2011-11-01,39.502,growth_yoy,B,
2011-12-01,40.379,growth_yoy,B,
2012-01-01,29.417,growth_yoy,B,
2012-02-01,39.054,growth_yoy,B,
2012-03-01,18.018,growth_yoy,B,
2012-04-01,9.95,growth_yoy,B,
2012-05-01,1.676,growth_yoy,B,
2012-06-01,-7.163,growth_yoy,B,
2012-07-01,-3.691,growth_yoy,B,
2012-08-01,2.491,growth_yoy,B,
2012-09-01,0.834,growth_yoy,B,
2012-10-01,-5.518,growth_yoy,B,
2012-11-01,-8.131,growth_yoy,B,
2012-12-01,-17.083,growth_yoy,B,
2013-01-01,-3.237,growth_yoy,B,
2013-02-01,-3.135,growth_yoy,B,
2013-03-01,-13.868,growth_yoy,B,
2013-04-01,-12.262,growth_yoy,B,
2013-05-01,-7.097,growth_yoy,B,
2013-06-01,5.093,growth_yoy,B,
2013-07-01,2.242,growth_yoy,B,
2013-08-01,-1.891,growth_yoy,B,
2013-09-01,0.551,growth_yoy,B,
2013-10-01,4.542,growth_yoy,B,
2013-11-01,12.345,growth_yoy,B,
2013-12-01,20.114,growth_yoy,B,
2014-01-01,5.018,growth_yoy,B,
2014-02-01,4.683,growth_yoy,B,
2014-03-01,9.232,growth_yoy,B,
2014-04-01,8.296,growth_yoy,B,
2014-05-01,12.191,growth_yoy,B,
2014-06-01,5.433,growth_yoy,B,
2014-07-01,-2.475,growth_yoy,B,
2014-08-01,-9.842,growth_yoy,B,
2014-09-01,-8.705,growth_yoy,B,
2014-10-01,-15.793,growth_yoy,B,
2014-11-01,-19.765,growth_yoy,B,
2014-12-01,-33.085,growth_yoy,B,
2015-01-01,-38.504,growth_yoy,B,
2015-02-01,-36.513,growth_yoy,B,
2015-03-01,-37.796,growth_yoy,B,
2015-04-01,-32.229,growth_yoy,B,
2015-05-01,-34.869,growth_yoy,B,
2015-06-01,-43.593,growth_yoy,B,
2015-07-01,-41.117,growth_yoy,B,
2015-08-01,-40.916,growth_yoy,B,
2015-09-01,-39.565,growth_yoy,B,
2015-10-01,-31.368,growth_yoy,B,
2015-11-01,-31.869,growth_yoy,B,
2015-12-01,-18.44,growth_yoy,B,
2016-01-01,-24.662,growth_yoy,B,
2016-02-01,-27.772,growth_yoy,B,
2016-03-01,-24.891,growth_yoy,B,
2016-04-01,-29.633,growth_yoy,B,
2016-05-01,-23.126,growth_yoy,B,
2016-06-01,-9.63,growth_yoy,B,
2016-07-01,-17.488,growth_yoy,B,
2016-08-01,-6.718,growth_yoy,B,
2016-09-01,-11.304,growth_yoy,B,
2016-10-01,-6.086,growth_yoy,B,
2016-11-01,-4.804,growth_yoy,B,
2016-12-01,11.553,growth_yoy,B,
2017-01-01,42.75,growth_yoy,B,
2017-02-01,35.725,growth_yoy,B,
2017-03-01,33.285,growth_yoy,B,
2017-04-01,31.983,growth_yoy,B,
2017-05-01,16.896,growth_yoy,B,
2017-06-01,10.246,growth_yoy,B,
2017-07-01,24.03,growth_yoy,B,
2017-08-01,17.59,growth_yoy,B,
2017-09-01,30.812,growth_yoy,B,
2017-10-01,19.568,growth_yoy,B,
2017-11-01,30.677,growth_yoy,B,
2017-12-01,8.909,growth_yoy,B,
2018-01-01,8.901,growth_yoy,B,
2018-02-01,3.066,growth_yoy,B,
2018-03-01,5.755,growth_yoy,B,
2018-04-01,15.899,growth_yoy,B,
2018-05-01,29.847,growth_yoy,B,
2018-06-01,33.086,growth_yoy,B,
2018-07-01,32.611,growth_yoy,B,
2018-08-01,28.622,growth_yoy,B,
2018-09-01,28.908,growth_yoy,B,
2018-10-01,30.606,growth_yoy,B,
2018-11-01,4.472,growth_yoy,B,
2018-12-01,-4.294,growth_yoy,B,
2019-01-01,-8.365,growth_yoy,B,
2019-02-01,2.359,growth_yoy,B,
2019-03-01,2.977,growth_yoy,B,
2019-04-01,1.419,growth_yoy,B,
2019-05-01,-0.362,growth_yoy,B,
2019-06-01,-6.425,growth_yoy,B,
2019-07-01,-9.891,growth_yoy,B,
2019-08-01,-10.897,growth_yoy,B,
2019-09-01,-14.369,growth_yoy,B,
2019-10-01,-18.226,growth_yoy,B,
2019-11-01,6.42,growth_yoy,B,
2019-12-01,19.338,growth_yoy,B,
2020-01-01,9.234,growth_yoy,B,
2020-02-01,-5.21,growth_yoy,B,
2020-03-01,-35.793,growth_yoy,B,
2020-04-01,-58.302,growth_yoy,B,
2020-05-01,-52.679,growth_yoy,B,
2020-06-01,-42.488,growth_yoy,B,
2020-07-01,-36.959,growth_yoy,B,
2020-08-01,-33.71,growth_yoy,B,
2020-09-01,-43.162,growth_yoy,B,
2020-10-01,-43.483,growth_yoy,B,
2020-11-01,-45.795,growth_yoy,B,
2020-12-01,-40.018,growth_yoy,B,
2021-01-01,-28.338,growth_yoy,B,
2021-02-01,-10.994,growth_yoy,B,
2021-03-01,31.988,growth_yoy,B,
2021-04-01,92.394,growth_yoy,B,
2021-05-01,68.522,growth_yoy,B,
2021-06-01,64.36,growth_yoy,B,
2021-07-01,57.668,growth_yoy,B,
2021-08-01,51.783,growth_yoy,B,
2021-09-01,68.089,growth_yoy,B,
2021-10-01,82.923,growth_yoy,B,
2021-11-01,71.164,growth_yoy,B,
2021-12-01,45.075,growth_yoy,B,
2022-01-01,34.316,growth_yoy,B,
2022-02-01,23.278,growth_yoy,B,
2022-03-01,28.235,growth_yoy,B,
2022-04-01,18.372,growth_yoy,B,
2022-05-01,20.615,growth_yoy,B,
2022-06-01,17.474,growth_yoy,B,
2022-07-01,9.017,growth_yoy,B,
2022-08-01,5.822,growth_yoy,B,
2022-09-01,0.0,growth_yoy,B,
2022-10-01,-0.481,growth_yoy,B,
2022-11-01,2.365,growth_yoy,B,
2022-12-01,3.704,growth_yoy,B,
2023-01-01,-2.196,growth_yoy,B,
2023-02-01,-6.455,growth_yoy,B,
2023-03-01,-11.468,growth_yoy,B,
2023-04-01,-4.715,growth_yoy,B,
2023-05-01,-10.67,growth_yoy,B,
2023-06-01,-16.577,growth_yoy,B,
2023-07-01,-10.781,growth_yoy,B,
2023-08-01,-3.764,growth_yoy,B,
2023-09-01,6.904,growth_yoy,B,
2023-10-01,0.484,growth_yoy,B,
2023-11-01,-4.716,growth_yoy,B,
2023-12-01,-3.373,growth_yoy,B,
2024-01-01,-1.327,growth_yoy,B,
2024-02-01,5.252,growth_yoy,B,
2024-03-01,8.29,growth_yoy,B,
2024-04-01,10.0,growth_yoy,B,
2024-05-01,6.554,growth_yoy,B,
2024-06-01,4.619,growth_yoy,B,
2024-07-01,2.187,growth_yoy,B,
2024-08-01,-8.325,growth_yoy,B,
2024-09-01,-16.144,growth_yoy,B,
2024-10-01,-17.324,growth_yoy,B,
2024-11-01,-8.283,growth_yoy,B,
2024-12-01,-6.982,growth_yoy,B,
2025-01-01,-1.344,growth_yoy,B,
2025-02-01,-9.687,growth_yoy,B,
2025-03-01,-15.024,growth_yoy,B,
2025-04-01,-17.807,growth_yoy,B,
2025-05-01,-14.98,growth_yoy,B,
2025-06-01,-8.008,growth_yoy,B,
2025-07-01,-8.665,growth_yoy,B,
2025-08-01,-3.392,growth_yoy,B,
2025-09-01,1.133,growth_yoy,B,
2025-10-01,-1.048,growth_yoy,B,
2025-11-01,-7.159,growth_yoy,B,
2025-12-01,-8.83,growth_yoy,B,
2026-01-01,-11.74,growth_yoy,B,
2010-02-01,-1.61,growth_mom,B,
2010-03-01,11.043,growth_mom,B,
2010-04-01,-0.829,growth_mom,B,
2010-05-01,-15.135,growth_mom,B,
2010-06-01,6.783,growth_mom,B,
2010-07-01,0.82,growth_mom,B,
2010-08-01,-1.423,growth_mom,B,
2010-09-01,-6.804,growth_mom,B,
2010-10-01,16.925,growth_mom,B,
2010-11-01,-4.92,growth_mom,B,
2010-12-01,4.975,growth_mom,B,
2011-01-01,4.076,growth_mom,B,
2011-02-01,-1.821,growth_mom,B,
2011-03-01,23.562,growth_mom,B,
2011-04-01,4.129,growth_mom,B,
2011-05-01,-1.081,growth_mom,B,
2011-06-01,1.749,growth_mom,B,
2011-07-01,2.865,growth_mom,B,
2011-08-01,0.627,growth_mom,B,
2011-09-01,-0.415,growth_mom,B,
2011-10-01,2.015,growth_mom,B,
2011-11-01,-4.496,growth_mom,B,
2011-12-01,5.635,growth_mom,B,
2012-01-01,-4.051,growth_mom,B,
2012-02-01,5.489,growth_mom,B,
2012-03-01,4.87,growth_mom,B,
2012-04-01,-2.99,growth_mom,B,
2012-05-01,-8.525,growth_mom,B,
2012-06-01,-7.097,growth_mom,B,
2012-07-01,6.713,growth_mom,B,
2012-08-01,7.086,growth_mom,B,
2012-09-01,-2.026,growth_mom,B,
2012-10-01,-4.411,growth_mom,B,
2012-11-01,-7.138,growth_mom,B,
2012-12-01,-4.658,growth_mom,B,
2013-01-01,11.971,growth_mom,B,
2013-02-01,5.6,growth_mom,B,
2013-03-01,-6.749,growth_mom,B,
2013-04-01,-1.182,growth_mom,B,
2013-05-01,-3.139,growth_mom,B,
2013-06-01,5.093,growth_mom,B,
2013-07-01,3.818,growth_mom,B,
2013-08-01,2.758,growth_mom,B,
2013-09-01,0.413,growth_mom,B,
2013-10-01,-0.617,growth_mom,B,
2013-11-01,-0.207,growth_mom,B,
2013-12-01,1.935,growth_mom,B,
2014-01-01,-2.102,growth_mom,B,
2014-02-01,5.263,growth_mom,B,
2014-03-01,-2.697,growth_mom,B,
2014-04-01,-2.028,growth_mom,B,
2014-05-01,0.345,growth_mom,B,
2014-06-01,-1.238,growth_mom,B,
2014-07-01,-3.969,growth_mom,B,
2014-08-01,-5.004,growth_mom,B,
2014-09-01,1.679,growth_mom,B,
2014-10-01,-8.333,growth_mom,B,
2014-11-01,-4.914,growth_mom,B,
2014-12-01,-14.987,growth_mom,B,
2015-01-01,-10.03,growth_mom,B,
2015-02-01,8.671,growth_mom,B,
2015-03-01,-4.663,growth_mom,B,
2015-04-01,6.739,growth_mom,B,
2015-05-01,-3.564,growth_mom,B,
2015-06-01,-14.467,growth_mom,B,
2015-07-01,0.247,growth_mom,B,
2015-08-01,-4.68,growth_mom,B,
2015-09-01,4.005,growth_mom,B,
2015-10-01,4.099,growth_mom,B,
2015-11-01,-5.609,growth_mom,B,
2015-12-01,1.77,growth_mom,B,
2016-01-01,-16.894,growth_mom,B,
2016-02-01,4.185,growth_mom,B,
2016-03-01,-0.861,growth_mom,B,
2016-04-01,0.0,growth_mom,B,
2016-05-01,5.355,growth_mom,B,
2016-06-01,0.549,growth_mom,B,
2016-07-01,-8.47,growth_mom,B,
2016-08-01,7.761,growth_mom,B,
2016-09-01,-1.108,growth_mom,B,
2016-10-01,10.224,growth_mom,B,
2016-11-01,-4.32,growth_mom,B,
2016-12-01,19.256,growth_mom,B,
2017-01-01,6.347,growth_mom,B,
2017-02-01,-0.942,growth_mom,B,-9.198
2017-03-01,-2.643,growth_mom,B,-1.185
2017-04-01,-0.977,growth_mom,B,-2.29
2017-05-01,-6.689,growth_mom,B,-7.366
2017-06-01,-5.17,growth_mom,B,0.361
2017-07-01,2.974,growth_mom,B,3.842
2017-08-01,2.166,growth_mom,B,1.272
2017-09-01,10.012,growth_mom,B,5.708
2017-10-01,0.749,growth_mom,B,-1.62
2017-11-01,4.57,growth_mom,B,3.952
2017-12-01,-0.61,growth_mom,B,0.634
2018-01-01,6.339,growth_mom,B,17.209
2018-02-01,-6.25,growth_mom,B,-14.324
2018-03-01,-0.103,growth_mom,B,1.358
2018-04-01,8.522,growth_mom,B,7.01
2018-05-01,4.541,growth_mom,B,3.661
2018-06-01,-2.805,growth_mom,B,3.253
2018-07-01,2.607,growth_mom,B,3.6
2018-08-01,-0.907,growth_mom,B,-1.825
2018-09-01,10.256,growth_mom,B,5.752
2018-10-01,2.076,growth_mom,B,-0.586
2018-11-01,-16.355,growth_mom,B,-16.835
2018-12-01,-8.949,growth_mom,B,-7.895
2019-01-01,1.816,growth_mom,B,4.945
2019-02-01,4.722,growth_mom,B,4.503
2019-03-01,0.501,growth_mom,B,1.904
2019-04-01,6.879,growth_mom,B,3.441
2019-05-01,2.705,growth_mom,B,2.376
2019-06-01,-8.719,growth_mom,B,-3.714
2019-07-01,-1.194,growth_mom,B,-0.579
2019-08-01,-2.014,growth_mom,B,-2.231
2019-09-01,5.961,growth_mom,B,-0.595
2019-10-01,-2.522,growth_mom,B,0.1
2019-11-01,8.856,growth_mom,B,7.278
2019-12-01,2.102,growth_mom,B,0.836
2020-01-01,-6.804,growth_mom,B,-4.055
2020-02-01,-9.126,growth_mom,B,-9.222
2020-03-01,-31.924,growth_mom,B,-30.899
2020-04-01,-30.59,growth_mom,B,-32.772
2020-05-01,16.555,growth_mom,B,16.401
2020-06-01,10.94,growth_mom,B,16.83
2020-07-01,8.304,growth_mom,B,8.878
2020-08-01,3.035,growth_mom,B,2.769
2020-09-01,-9.147,growth_mom,B,-14.97
2020-10-01,-3.072,growth_mom,B,0.0
2020-11-01,4.401,growth_mom,B,2.817
2020-12-01,12.985,growth_mom,B,11.473
2021-01-01,11.343,growth_mom,B,9.217
2021-02-01,12.869,growth_mom,B,17.018
2021-03-01,0.95,growth_mom,B,9.856
2021-04-01,1.176,growth_mom,B,-4.705
2021-05-01,2.093,growth_mom,B,2.181
2021-06-01,8.2,growth_mom,B,13.146
2021-07-01,3.895,growth_mom,B,0.695
2021-08-01,-0.811,growth_mom,B,0.296
2021-09-01,0.613,growth_mom,B,-7.276
2021-10-01,5.482,growth_mom,B,10.392
2021-11-01,-2.31,growth_mom,B,-6.34
2021-12-01,-4.236,growth_mom,B,-7.385
2022-01-01,3.086,growth_mom,B,4.43
2022-02-01,3.593,growth_mom,B,3.924
2022-03-01,5.01,growth_mom,B,14.388
2022-04-01,-6.606,growth_mom,B,-6.78
2022-05-01,4.028,growth_mom,B,5.837
2022-06-01,5.382,growth_mom,B,4.43
2022-07-01,-3.584,growth_mom,B,-3.896
2022-08-01,-3.717,growth_mom,B,-2.793
2022-09-01,-4.923,growth_mom,B,-9.175
2022-10-01,4.975,growth_mom,B,5.612
2022-11-01,0.484,growth_mom,B,-2.319
2022-12-01,-2.984,growth_mom,B,-5.045
2023-01-01,-2.778,growth_mom,B,0.104
2023-02-01,-0.918,growth_mom,B,-2.81
2023-03-01,-0.618,growth_mom,B,1.713
2023-04-01,0.518,growth_mom,B,3.895
2023-05-01,-2.474,growth_mom,B,-1.418
2023-06-01,-1.586,growth_mom,B,-4.728
2023-07-01,3.115,growth_mom,B,3.883
2023-08-01,3.854,growth_mom,B,5.296
2023-09-01,5.617,growth_mom,B,4.931
2023-10-01,-1.33,growth_mom,B,-3.102
2023-11-01,-4.716,growth_mom,B,-3.589
2023-12-01,-1.616,growth_mom,B,-0.905
2024-01-01,-0.719,growth_mom,B,-3.553
2024-02-01,5.688,growth_mom,B,3.474
2024-03-01,2.25,growth_mom,B,4.374
2024-04-01,2.105,growth_mom,B,5.848
2024-05-01,-5.53,growth_mom,B,-4.42
2024-06-01,-3.373,growth_mom,B,-6.744
2024-07-01,0.719,growth_mom,B,1.55
2024-08-01,-6.83,growth_mom,B,-5.493
2024-09-01,-3.392,growth_mom,B,-3.767
2024-10-01,-2.718,growth_mom,B,-4.81
2024-11-01,5.704,growth_mom,B,7.286
2024-12-01,-0.22,growth_mom,B,0.657
2025-01-01,5.298,growth_mom,B,5.658
2025-02-01,-3.249,growth_mom,B,-6.591
2025-03-01,-3.792,growth_mom,B,-4.079
2025-04-01,-1.239,growth_mom,B,1.034
2025-05-01,-2.281,growth_mom,B,-1.934
2025-06-01,4.551,growth_mom,B,3.364
2025-07-01,0.0,growth_mom,B,-0.337
2025-08-01,-1.451,growth_mom,B,0.113
2025-09-01,1.133,growth_mom,B,2.475
2025-10-01,-4.815,growth_mom,B,-7.464
2025-11-01,-0.824,growth_mom,B,0.237
2025-12-01,-2.017,growth_mom,B,0.118
2026-01-01,1.937,growth_mom,B,1.537
2010-01-01,98.8,abs,C,
2010-02-01,99.0,abs,C,
2010-03-01,99.2,abs,C,
2010-04-01,99.3,abs,C,
2010-05-01,99.8,abs,C,
2010-06-01,99.6,abs,C,
2010-07-01,98.9,abs,C,
2010-08-01,99.2,abs,C,
2010-09-01,99.8,abs,C,
2010-10-01,99.9,abs,C,
2010-11-01,102.2,abs,C,
2010-12-01,104.3,abs,C,
2011-01-01,106.0,abs,C,
2011-02-01,107.4,abs,C,
2011-03-01,108.4,abs,C,
2011-04-01,109.7,abs,C,
2011-05-01,110.0,abs,C,
2011-06-01,110.1,abs,C,
2011-07-01,109.8,abs,C,
2011-08-01,109.7,abs,C,
2011-09-01,109.3,abs,C,
2011-10-01,109.4,abs,C,
2011-11-01,108.8,abs,C,
2011-12-01,109.4,abs,C,
2012-01-01,109.9,abs,C,
2012-02-01,109.9,abs,C,
2012-03-01,110.2,abs,C,
2012-04-01,111.2,abs,C,
2012-05-01,111.3,abs,C,
2012-06-01,109.8,abs,C,
2012-07-01,109.9,abs,C,
2012-08-01,109.8,abs,C,
2012-09-01,107.8,abs,C,
2012-10-01,106.7,abs,C,
2012-11-01,106.1,abs,C,
2012-12-01,105.8,abs,C,
2013-01-01,105.9,abs,C,
2013-02-01,106.8,abs,C,
2013-03-01,106.4,abs,C,
2013-04-01,105.7,abs,C,
2013-05-01,105.3,abs,C,
2013-06-01,105.5,abs,C,
2013-07-01,105.6,abs,C,
2013-08-01,106.1,abs,C,
2013-09-01,106.6,abs,C,
2013-10-01,106.7,abs,C,
2013-11-01,107.3,abs,C,
2013-12-01,109.4,abs,C,
2014-01-01,109.3,abs,C,
2014-02-01,109.7,abs,C,
2014-03-01,110.2,abs,C,
2014-04-01,110.1,abs,C,
2014-05-01,109.1,abs,C,
2014-06-01,108.6,abs,C,
2014-07-01,108.9,abs,C,
2014-08-01,108.5,abs,C,
2014-09-01,108.2,abs,C,
2014-10-01,107.5,abs,C,
2014-11-01,107.6,abs,C,
2014-12-01,106.1,abs,C,
2015-01-01,106.4,abs,C,
2015-02-01,106.2,abs,C,
2015-03-01,105.7,abs,C,
2015-04-01,104.4,abs,C,
2015-05-01,103.0,abs,C,
2015-06-01,103.9,abs,C,
2015-07-01,104.1,abs,C,
2015-08-01,104.0,abs,C,
2015-09-01,105.2,abs,C,
2015-10-01,105.4,abs,C,
2015-11-01,105.1,abs,C,
2015-12-01,103.8,abs,C,
2016-01-01,103.4,abs,C,
2016-02-01,102.8,abs,C,
2016-03-01,102.7,abs,C,
2016-04-01,103.0,abs,C,
2016-05-01,101.7,abs,C,
2016-06-01,102.1,abs,C,
2016-07-01,102.0,abs,C,
2016-08-01,102.3,abs,C,
2016-09-01,104.0,abs,C,
2016-10-01,104.5,abs,C,
2016-11-01,105.7,abs,C,
2016-12-01,107.6,abs,C,
2017-01-01,109.2,abs,C,
2017-02-01,110.4,abs,C,
2017-03-01,109.6,abs,C,
2017-04-01,109.1,abs,C,
2017-05-01,109.4,abs,C,
2017-06-01,108.8,abs,C,
2017-07-01,108.0,abs,C,
2017-08-01,108.7,abs,C,
2017-09-01,108.9,abs,C,
2017-10-01,108.3,abs,C,
2017-11-01,108.7,abs,C,
2017-12-01,108.8,abs,C,
2018-01-01,108.4,abs,C,
2018-02-01,107.5,abs,C,
2018-03-01,107.1,abs,C,
2018-04-01,106.9,abs,C,
2018-05-01,106.7,abs,C,
2018-06-01,106.6,abs,C,
2018-07-01,106.7,abs,C,
2018-08-01,106.8,abs,C,
2018-09-01,107.1,abs,C,
2018-10-01,107.5,abs,C,
2018-11-01,106.7,abs,C,
2018-12-01,106.0,abs,C,
2019-01-01,105.9,abs,C,
2019-02-01,106.1,abs,C,
2019-03-01,106.2,abs,C,
2019-04-01,106.0,abs,C,
2019-05-01,106.1,abs,C,
2019-06-01,105.8,abs,C,
2019-07-01,105.7,abs,C,
2019-08-01,105.7,abs,C,
2019-09-01,106.0,abs,C,
2019-10-01,106.1,abs,C,
2019-11-01,105.9,abs,C,
2019-12-01,106.5,abs,C,
2020-01-01,106.9,abs,C,
2020-02-01,107.0,abs,C,
2020-03-01,106.8,abs,C,
2020-04-01,106.1,abs,C,
2020-05-01,105.3,abs,C,
2020-06-01,104.5,abs,C,
2020-07-01,104.3,abs,C,
2020-08-01,104.8,abs,C,
2020-09-01,104.6,abs,C,
2020-10-01,104.9,abs,C,
2020-11-01,105.8,abs,C,
2020-12-01,106.7,abs,C,
2021-01-01,108.1,abs,C,
2021-02-01,108.6,abs,C,
2021-03-01,109.2,abs,C,
2021-04-01,109.8,abs,C,
2021-05-01,110.6,abs,C,
2021-06-01,111.5,abs,C,
2021-07-01,111.7,abs,C,
2021-08-01,112.2,abs,C,
2021-09-01,112.7,abs,C,
2021-10-01,113.2,abs,C,
2021-11-01,114.7,abs,C,
2021-12-01,114.8,abs,C,
2022-01-01,115.7,abs,C,
2022-02-01,117.2,abs,C,
2022-03-01,118.9,abs,C,
2022-04-01,120.6,abs,C,
2022-05-01,121.8,abs,C,
2022-06-01,122.6,abs,C,
2022-07-01,122.8,abs,C,
2022-08-01,122.7,abs,C,
2022-09-01,121.8,abs,C,
2022-10-01,121.5,abs,C,
2022-11-01,121.8,abs,C,
2022-12-01,121.8,abs,C,
2023-01-01,120.9,abs,C,
2023-02-01,120.7,abs,C,
2023-03-01,120.6,abs,C,
2023-04-01,120.7,abs,C,
2023-05-01,120.4,abs,C,
2023-06-01,120.4,abs,C,
2023-07-01,120.2,abs,C,
2023-08-01,119.9,abs,C,
2023-09-01,120.8,abs,C,
2023-10-01,120.7,abs,C,
2023-11-01,120.1,abs,C,
2023-12-01,120.0,abs,C,
2024-01-01,119.8,abs,C,
2024-02-01,119.8,abs,C,
2024-03-01,121.3,abs,C,
2024-04-01,121.7,abs,C,
2024-05-01,121.6,abs,C,
2024-06-01,121.7,abs,C,
2024-07-01,121.3,abs,C,
2024-08-01,121.1,abs,C,
2024-09-01,119.0,abs,C,
2024-10-01,117.6,abs,C,
2024-11-01,117.9,abs,C,
2024-12-01,118.8,abs,C,
2025-01-01,119.1,abs,C,
2025-02-01,119.4,abs,C,
2025-03-01,119.1,abs,C,
2025-04-01,118.5,abs,C,
2025-05-01,117.9,abs,C,
2025-06-01,116.5,abs,C,
2025-07-01,116.4,abs,C,
2025-08-01,116.2,abs,C,
2025-09-01,116.5,abs,C,
2025-10-01,116.9,abs,C,
2025-11-01,117.2,abs,C,
2025-12-01,117.3,abs,C,
2026-01-01,117.1,abs,C,
2011-01-01,7.287,growth_yoy,C,
2011-02-01,8.485,growth_yoy,C,
2011-03-01,9.274,growth_yoy,C,
2011-04-01,10.473,growth_yoy,C,
2011-05-01,10.22,growth_yoy,C,
2011-06-01,10.542,growth_yoy,C,
2011-07-01,11.021,growth_yoy,C,
2011-08-01,10.585,growth_yoy,C,
2011-09-01,9.519,growth_yoy,C,
2011-10-01,9.51,growth_yoy,C,
2011-11-01,6.458,growth_yoy,C,
2011-12-01,4.89,growth_yoy,C,
2012-01-01,3.679,growth_yoy,C,
2012-02-01,2.328,growth_yoy,C,
2012-03-01,1.661,growth_yoy,C,
2012-04-01,1.367,growth_yoy,C,
2012-05-01,1.182,growth_yoy,C,
2012-06-01,-0.272,growth_yoy,C,
2012-07-01,0.091,growth_yoy,C,
2012-08-01,0.091,growth_yoy,C,
2012-09-01,-1.372,growth_yoy,C,
2012-10-01,-2.468,growth_yoy,C,
2012-11-01,-2.482,growth_yoy,C,
2012-12-01,-3.291,growth_yoy,C,
2013-01-01,-3.64,growth_yoy,C,
2013-02-01,-2.821,growth_yoy,C,
2013-03-01,-3.448,growth_yoy,C,
2013-04-01,-4.946,growth_yoy,C,
2013-05-01,-5.391,growth_yoy,C,
2013-06-01,-3.916,growth_yoy,C,
2013-07-01,-3.913,growth_yoy,C,
2013-08-01,-3.37,growth_yoy,C,
2013-09-01,-1.113,growth_yoy,C,
2013-10-01,0.0,growth_yoy,C,
2013-11-01,1.131,growth_yoy,C,
2013-12-01,3.403,growth_yoy,C,
2014-01-01,3.211,growth_yoy,C,
2014-02-01,2.715,growth_yoy,C,
2014-03-01,3.571,growth_yoy,C,
2014-04-01,4.163,growth_yoy,C,
2014-05-01,3.609,growth_yoy,C,
2014-06-01,2.938,growth_yoy,C,
2014-07-01,3.125,growth_yoy,C,
2014-08-01,2.262,growth_yoy,C,
2014-09-01,1.501,growth_yoy,C,
2014-10-01,0.75,growth_yoy,C,
2014-11-01,0.28,growth_yoy,C,
2014-12-01,-3.016,growth_yoy,C,
2015-01-01,-2.653,growth_yoy,C,
2015-02-01,-3.191,growth_yoy,C,
2015-03-01,-4.083,growth_yoy,C,
2015-04-01,-5.177,growth_yoy,C,
2015-05-01,-5.591,growth_yoy,C,
2015-06-01,-4.328,growth_yoy,C,
2015-07-01,-4.408,growth_yoy,C,
2015-08-01,-4.147,growth_yoy,C,
2015-09-01,-2.773,growth_yoy,C,
2015-10-01,-1.953,growth_yoy,C,
2015-11-01,-2.323,growth_yoy,C,
2015-12-01,-2.168,growth_yoy,C,
2016-01-01,-2.82,growth_yoy,C,
2016-02-01,-3.202,growth_yoy,C,
2016-03-01,-2.838,growth_yoy,C,
2016-04-01,-1.341,growth_yoy,C,
2016-05-01,-1.262,growth_yoy,C,
2016-06-01,-1.732,growth_yoy,C,
2016-07-01,-2.017,growth_yoy,C,
2016-08-01,-1.635,growth_yoy,C,
2016-09-01,-1.141,growth_yoy,C,
2016-10-01,-0.854,growth_yoy,C,
2016-11-01,0.571,growth_yoy,C,
2016-12-01,3.661,growth_yoy,C,
2017-01-01,5.609,growth_yoy,C,
2017-02-01,7.393,growth_yoy,C,
2017-03-01,6.719,growth_yoy,C,
2017-04-01,5.922,growth_yoy,C,
2017-05-01,7.571,growth_yoy,C,
2017-06-01,6.562,growth_yoy,C,
2017-07-01,5.882,growth_yoy,C,
2017-08-01,6.256,growth_yoy,C,
2017-09-01,4.712,growth_yoy,C,
2017-10-01,3.636,growth_yoy,C,
2017-11-01,2.838,growth_yoy,C,
2017-12-01,1.115,growth_yoy,C,
2018-01-01,-0.733,growth_yoy,C,
2018-02-01,-2.627,growth_yoy,C,
2018-03-01,-2.281,growth_yoy,C,
2018-04-01,-2.016,growth_yoy,C,
2018-05-01,-2.468,growth_yoy,C,
2018-06-01,-2.022,growth_yoy,C,
2018-07-01,-1.204,growth_yoy,C,
2018-08-01,-1.748,growth_yoy,C,
2018-09-01,-1.653,growth_yoy,C,
2018-10-01,-0.739,growth_yoy,C,
2018-11-01,-1.84,growth_yoy,C,
2018-12-01,-2.574,growth_yoy,C,
2019-01-01,-2.306,growth_yoy,C,
2019-02-01,-1.302,growth_yoy,C,
2019-03-01,-0.84,growth_yoy,C,
2019-04-01,-0.842,growth_yoy,C,
2019-05-01,-0.562,growth_yoy,C,
2019-06-01,-0.75,growth_yoy,C,
2019-07-01,-0.937,growth_yoy,C,
2019-08-01,-1.03,growth_yoy,C,
2019-09-01,-1.027,growth_yoy,C,
2019-10-01,-1.302,growth_yoy,C,
2019-11-01,-0.75,growth_yoy,C,
2019-12-01,0.472,growth_yoy,C,
2020-01-01,0.944,growth_yoy,C,
2020-02-01,0.848,growth_yoy,C,
2020-03-01,0.565,growth_yoy,C,
2020-04-01,0.094,growth_yoy,C,
2020-05-01,-0.754,growth_yoy,C,
2020-06-01,-1.229,growth_yoy,C,
2020-07-01,-1.325,growth_yoy,C,
2020-08-01,-0.851,growth_yoy,C,
2020-09-01,-1.321,growth_yoy,C,
2020-10-01,-1.131,growth_yoy,C,
2020-11-01,-0.094,growth_yoy,C,
2020-12-01,0.188,growth_yoy,C,
2021-01-01,1.123,growth_yoy,C,
2021-02-01,1.495,growth_yoy,C,
2021-03-01,2.247,growth_yoy,C,
2021-04-01,3.487,growth_yoy,C,
2021-05-01,5.033,growth_yoy,C,
2021-06-01,6.699,growth_yoy,C,
2021-07-01,7.095,growth_yoy,C,
2021-08-01,7.061,growth_yoy,C,
2021-09-01,7.744,growth_yoy,C,
2021-10-01,7.912,growth_yoy,C,
2021-11-01,8.412,growth_yoy,C,
2021-12-01,7.591,growth_yoy,C,
2022-01-01,7.031,growth_yoy,C,
2022-02-01,7.919,growth_yoy,C,
2022-03-01,8.883,growth_yoy,C,
2022-04-01,9.836,growth_yoy,C,
2022-05-01,10.127,growth_yoy,C,
2022-06-01,9.955,growth_yoy,C,
2022-07-01,9.937,growth_yoy,C,
2022-08-01,9.358,growth_yoy,C,
2022-09-01,8.075,growth_yoy,C,
2022-10-01,7.332,growth_yoy,C,
2022-11-01,6.19,growth_yoy,C,
2022-12-01,6.098,growth_yoy,C,
2023-01-01,4.494,growth_yoy,C,
2023-02-01,2.986,growth_yoy,C,
2023-03-01,1.43,growth_yoy,C,
2023-04-01,0.083,growth_yoy,C,
2023-05-01,-1.149,growth_yoy,C,
2023-06-01,-1.794,growth_yoy,C,
2023-07-01,-2.117,growth_yoy,C,
2023-08-01,-2.282,growth_yoy,C,
2023-09-01,-0.821,growth_yoy,C,
2023-10-01,-0.658,growth_yoy,C,
2023-11-01,-1.396,growth_yoy,C,
2023-12-01,-1.478,growth_yoy,C,
2024-01-01,-0.91,growth_yoy,C,
2024-02-01,-0.746,growth_yoy,C,
2024-03-01,0.58,growth_yoy,C,
2024-04-01,0.829,growth_yoy,C,
2024-05-01,0.997,growth_yoy,C,
2024-06-01,1.08,growth_yoy,C,
2024-07-01,0.915,growth_yoy,C,
2024-08-01,1.001,growth_yoy,C,
2024-09-01,-1.49,growth_yoy,C,
2024-10-01,-2.568,growth_yoy,C,
2024-11-01,-1.832,growth_yoy,C,
2024-12-01,-1.0,growth_yoy,C,
2025-01-01,-0.584,growth_yoy,C,
2025-02-01,-0.334,growth_yoy,C,
2025-03-01,-1.814,growth_yoy,C,
2025-04-01,-2.629,growth_yoy,C,
2025-05-01,-3.043,growth_yoy,C,
2025-06-01,-4.273,growth_yoy,C,
2025-07-01,-4.04,growth_yoy,C,
2025-08-01,-4.046,growth_yoy,C,
2025-09-01,-2.101,growth_yoy,C,
2025-10-01,-0.595,growth_yoy,C,
2025-11-01,-0.594,growth_yoy,C,
2025-12-01,-1.263,growth_yoy,C,
2026-01-01,-1.679,growth_yoy,C,
2010-02-01,0.202,growth_mom,C,
2010-03-01,0.202,growth_mom,C,
2010-04-01,0.101,growth_mom,C,
2010-05-01,0.504,growth_mom,C,
2010-06-01,-0.2,growth_mom,C,
2010-07-01,-0.703,growth_mom,C,
2010-08-01,0.303,growth_mom,C,
2010-09-01,0.605,growth_mom,C,
2010-10-01,0.1,growth_mom,C,
2010-11-01,2.302,growth_mom,C,
2010-12-01,2.055,growth_mom,C,
2011-01-01,1.63,growth_mom,C,
2011-02-01,1.321,growth_mom,C,
2011-03-01,0.931,growth_mom,C,
2011-04-01,1.199,growth_mom,C,
2011-05-01,0.273,growth_mom,C,
2011-06-01,0.091,growth_mom,C,
2011-07-01,-0.272,growth_mom,C,
2011-08-01,-0.091,growth_mom,C,
2011-09-01,-0.365,growth_mom,C,
2011-10-01,0.091,growth_mom,C,
2011-11-01,-0.548,growth_mom,C,
2011-12-01,0.551,growth_mom,C,
2012-01-01,0.457,growth_mom,C,
2012-02-01,0.0,growth_mom,C,
2012-03-01,0.273,growth_mom,C,
2012-04-01,0.907,growth_mom,C,
2012-05-01,0.09,growth_mom,C,
2012-06-01,-1.348,growth_mom,C,
2012-07-01,0.091,growth_mom,C,
2012-08-01,-0.091,growth_mom,C,
2012-09-01,-1.821,growth_mom,C,
2012-10-01,-1.02,growth_mom,C,
2012-11-01,-0.562,growth_mom,C,
2012-12-01,-0.283,growth_mom,C,
2013-01-01,0.095,growth_mom,C,
2013-02-01,0.85,growth_mom,C,
2013-03-01,-0.375,growth_mom,C,
2013-04-01,-0.658,growth_mom,C,
2013-05-01,-0.378,growth_mom,C,
2013-06-01,0.19,growth_mom,C,
2013-07-01,0.095,growth_mom,C,
2013-08-01,0.473,growth_mom,C,
2013-09-01,0.471,growth_mom,C,
2013-10-01,0.094,growth_mom,C,
2013-11-01,0.562,growth_mom,C,
2013-12-01,1.957,growth_mom,C,
2014-01-01,-0.091,growth_mom,C,
2014-02-01,0.366,growth_mom,C,
2014-03-01,0.456,growth_mom,C,
2014-04-01,-0.091,growth_mom,C,
2014-05-01,-0.908,growth_mom,C,
2014-06-01,-0.458,growth_mom,C,
2014-07-01,0.276,growth_mom,C,
2014-08-01,-0.367,growth_mom,C,
2014-09-01,-0.276,growth_mom,C,
2014-10-01,-0.647,growth_mom,C,
2014-11-01,0.093,growth_mom,C,
2014-12-01,-1.394,growth_mom,C,
2015-01-01,0.283,growth_mom,C,
2015-02-01,-0.188,growth_mom,C,
2015-03-01,-0.471,growth_mom,C,
2015-04-01,-1.23,growth_mom,C,
2015-05-01,-1.341,growth_mom,C,
2015-06-01,0.874,growth_mom,C,
2015-07-01,0.192,growth_mom,C,
2015-08-01,-0.096,growth_mom,C,
2015-09-01,1.154,growth_mom,C,
2015-10-01,0.19,growth_mom,C,
2015-11-01,-0.285,growth_mom,C,
2015-12-01,-1.237,growth_mom,C,
2016-01-01,-0.385,growth_mom,C,
2016-02-01,-0.58,growth_mom,C,
2016-03-01,-0.097,growth_mom,C,
2016-04-01,0.292,growth_mom,C,
2016-05-01,-1.262,growth_mom,C,
2016-06-01,0.393,growth_mom,C,
2016-07-01,-0.098,growth_mom,C,
2016-08-01,0.294,growth_mom,C,
2016-09-01,1.662,growth_mom,C,
2016-10-01,0.481,growth_mom,C,
2016-11-01,1.148,growth_mom,C,
2016-12-01,1.798,growth_mom,C,
2017-01-01,1.487,growth_mom,C,
2017-02-01,1.099,growth_mom,C,
2017-03-01,-0.725,growth_mom,C,
2017-04-01,-0.456,growth_mom,C,
2017-05-01,0.275,growth_mom,C,
2017-06-01,-0.548,growth_mom,C,
2017-07-01,-0.735,growth_mom,C,
2017-08-01,0.648,growth_mom,C,
2017-09-01,0.184,growth_mom,C,
2017-10-01,-0.551,growth_mom,C,
2017-11-01,0.369,growth_mom,C,
2017-12-01,0.092,growth_mom,C,
2018-01-01,-0.368,growth_mom,C,
2018-02-01,-0.83,growth_mom,C,
2018-03-01,-0.372,growth_mom,C,
2018-04-01,-0.187,growth_mom,C,
2018-05-01,-0.187,growth_mom,C,
2018-06-01,-0.094,growth_mom,C,
2018-07-01,0.094,growth_mom,C,
2018-08-01,0.094,growth_mom,C,
2018-09-01,0.281,growth_mom,C,
2018-10-01,0.373,growth_mom,C,
2018-11-01,-0.744,growth_mom,C,
2018-12-01,-0.656,growth_mom,C,
2019-01-01,-0.094,growth_mom,C,
2019-02-01,0.189,growth_mom,C,
2019-03-01,0.094,growth_mom,C,
2019-04-01,-0.188,growth_mom,C,
2019-05-01,0.094,growth_mom,C,
2019-06-01,-0.283,growth_mom,C,
2019-07-01,-0.095,growth_mom,C,
2019-08-01,0.0,growth_mom,C,
2019-09-01,0.284,growth_mom,C,
2019-10-01,0.094,growth_mom,C,
2019-11-01,-0.189,growth_mom,C,
2019-12-01,0.567,growth_mom,C,
2020-01-01,0.376,growth_mom,C,
2020-02-01,0.094,growth_mom,C,
2020-03-01,-0.187,growth_mom,C,
2020-04-01,-0.655,growth_mom,C,
2020-05-01,-0.754,growth_mom,C,
2020-06-01,-0.76,growth_mom,C,
2020-07-01,-0.191,growth_mom,C,
2020-08-01,0.479,growth_mom,C,
2020-09-01,-0.191,growth_mom,C,
2020-10-01,0.287,growth_mom,C,
2020-11-01,0.858,growth_mom,C,
2020-12-01,0.851,growth_mom,C,
2021-01-01,1.312,growth_mom,C,
2021-02-01,0.463,growth_mom,C,
2021-03-01,0.552,growth_mom,C,
2021-04-01,0.549,growth_mom,C,
2021-05-01,0.729,growth_mom,C,
2021-06-01,0.814,growth_mom,C,
2021-07-01,0.179,growth_mom,C,
2021-08-01,0.448,growth_mom,C,
2021-09-01,0.446,growth_mom,C,
2021-10-01,0.444,growth_mom,C,
2021-11-01,1.325,growth_mom,C,
2021-12-01,0.087,growth_mom,C,
2022-01-01,0.784,growth_mom,C,
2022-02-01,1.296,growth_mom,C,
2022-03-01,1.451,growth_mom,C,
2022-04-01,1.43,growth_mom,C,
2022-05-01,0.995,growth_mom,C,
2022-06-01,0.657,growth_mom,C,
2022-07-01,0.163,growth_mom,C,
2022-08-01,-0.081,growth_mom,C,
2022-09-01,-0.733,growth_mom,C,
2022-10-01,-0.246,growth_mom,C,
2022-11-01,0.247,growth_mom,C,
2022-12-01,0.0,growth_mom,C,
2023-01-01,-0.739,growth_mom,C,
2023-02-01,-0.165,growth_mom,C,
2023-03-01,-0.083,growth_mom,C,
2023-04-01,0.083,growth_mom,C,
2023-05-01,-0.249,growth_mom,C,
2023-06-01,0.0,growth_mom,C,
2023-07-01,-0.166,growth_mom,C,
2023-08-01,-0.25,growth_mom,C,
2023-09-01,0.751,growth_mom,C,
2023-10-01,-0.083,growth_mom,C,
2023-11-01,-0.497,growth_mom,C,
2023-12-01,-0.083,growth_mom,C,
2024-01-01,-0.167,growth_mom,C,
2024-02-01,0.0,growth_mom,C,
2024-03-01,1.252,growth_mom,C,
2024-04-01,0.33,growth_mom,C,
2024-05-01,-0.082,growth_mom,C,
2024-06-01,0.082,growth_mom,C,
2024-07-01,-0.329,growth_mom,C,
2024-08-01,-0.165,growth_mom,C,
2024-09-01,-1.734,growth_mom,C,
2024-10-01,-1.176,growth_mom,C,
2024-11-01,0.255,growth_mom,C,
2024-12-01,0.763,growth_mom,C,
2025-01-01,0.253,growth_mom,C,
2025-02-01,0.252,growth_mom,C,
2025-03-01,-0.251,growth_mom,C,
2025-04-01,-0.504,growth_mom,C,
2025-05-01,-0.506,growth_mom,C,
2025-06-01,-1.187,growth_mom,C,
2025-07-01,-0.086,growth_mom,C,
2025-08-01,-0.172,growth_mom,C,
2025-09-01,0.258,growth_mom,C,
2025-10-01,0.343,growth_mom,C,
2025-11-01,0.257,growth_mom,C,
2025-12-01,0.085,growth_mom,C,
2026-01-01,-0.171,growth_mom,C,
2010-01-01,99.8,abs,D,
2010-02-01,99.4,abs,D,
2010-03-01,100.5,abs,D,
2010-04-01,99.7,abs,D,
2010-05-01,100.3,abs,D,
2010-06-01,99.8,abs,D,
2010-07-01,100.3,abs,D,
2010-08-01,99.6,abs,D,
2010-09-01,99.8,abs,D,
2010-10-01,100.1,abs,D,
2010-11-01,99.5,abs,D,
2010-12-01,101.2,abs,D,
2011-01-01,100.9,abs,D,
2011-02-01,99.8,abs,D,
2011-03-01,101.2,abs,D,
2011-04-01,100.6,abs,D,
2011-05-01,100.7,abs,D,
2011-06-01,101.3,abs,D,
2011-07-01,103.8,abs,D,
2011-08-01,106.1,abs,D,
2011-09-01,107.7,abs,D,
2011-10-01,107.2,abs,D,
2011-11-01,109.0,abs,D,
2011-12-01,107.9,abs,D,
2012-01-01,108.3,abs,D,
2012-02-01,107.4,abs,D,
2012-03-01,108.4,abs,D,
2012-04-01,106.2,abs,D,
2012-05-01,107.0,abs,D,
2012-06-01,107.2,abs,D,
2012-07-01,106.6,abs,D,
2012-08-01,107.0,abs,D,
2012-09-01,106.4,abs,D,
2012-10-01,107.2,abs,D,
2012-11-01,107.1,abs,D,
2012-12-01,107.9,abs,D,
2013-01-01,107.3,abs,D,
2013-02-01,107.5,abs,D,
2013-03-01,108.3,abs,D,
2013-04-01,107.4,abs,D,
2013-05-01,108.4,abs,D,
2013-06-01,108.6,abs,D,
2013-07-01,108.1,abs,D,
2013-08-01,107.5,abs,D,
2013-09-01,108.2,abs,D,
2013-10-01,108.2,abs,D,
2013-11-01,107.4,abs,D,
2013-12-01,107.4,abs,D,
2014-01-01,110.4,abs,D,
2014-02-01,119.8,abs,D,
2014-03-01,121.5,abs,D,
2014-04-01,120.6,abs,D,
2014-05-01,121.5,abs,D,
2014-06-01,121.5,abs,D,
2014-07-01,122.6,abs,D,
2014-08-01,123.3,abs,D,
2014-09-01,117.4,abs,D,
2014-10-01,117.0,abs,D,
2014-11-01,115.7,abs,D,
2014-12-01,116.5,abs,D,
2015-01-01,115.8,abs,D,
2015-02-01,116.1,abs,D,
2015-03-01,116.9,abs,D,
2015-04-01,114.3,abs,D,
2015-05-01,115.0,abs,D,
2015-06-01,114.6,abs,D,
2015-07-01,112.3,abs,D,
2015-08-01,111.9,abs,D,
2015-09-01,111.8,abs,D,
2015-10-01,111.9,abs,D,
2015-11-01,110.9,abs,D,
2015-12-01,110.8,abs,D,
2016-01-01,111.0,abs,D,
2016-02-01,111.2,abs,D,
2016-03-01,111.1,abs,D,
2016-04-01,109.9,abs,D,
2016-05-01,110.9,abs,D,
2016-06-01,113.3,abs,D,
2016-07-01,113.0,abs,D,
2016-08-01,113.4,abs,D,
2016-09-01,113.4,abs,D,
2016-10-01,114.3,abs,D,
2016-11-01,114.2,abs,D,
2016-12-01,114.7,abs,D,
2017-01-01,114.6,abs,D,115.0
2017-02-01,114.5,abs,D,114.4
2017-03-01,114.8,abs,D,114.0
2017-04-01,114.5,abs,D,114.7
2017-05-01,114.2,abs,D,113.9
2017-06-01,114.2,abs,D,113.4
2017-07-01,114.9,abs,D,114.6
2017-08-01,115.3,abs,D,115.2
2017-09-01,114.8,abs,D,115.0
2017-10-01,114.6,abs,D,114.8
2017-11-01,114.8,abs,D,115.6
2017-12-01,114.5,abs,D,115.0
2018-01-01,114.1,abs,D,114.5
2018-02-01,115.4,abs,D,115.3
2018-03-01,116.3,abs,D,115.5
2018-04-01,116.2,abs,D,116.5
2018-05-01,116.6,abs,D,116.4
2018-06-01,115.7,abs,D,114.9
2018-07-01,116.2,abs,D,115.9
2018-08-01,116.0,abs,D,115.9
2018-09-01,115.9,abs,D,116.1
2018-10-01,115.8,abs,D,116.0
2018-11-01,116.2,abs,D,116.9
2018-12-01,116.3,abs,D,116.8
2019-01-01,116.6,abs,D,117.1
2019-02-01,116.3,abs,D,116.3
2019-03-01,118.8,abs,D,118.2
2019-04-01,117.9,abs,D,117.8
2019-05-01,118.0,abs,D,117.8
2019-06-01,117.8,abs,D,117.7
2019-07-01,118.0,abs,D,117.7
2019-08-01,118.5,abs,D,118.1
2019-09-01,117.4,abs,D,117.6
2019-10-01,117.3,abs,D,117.6
2019-11-01,116.9,abs,D,117.2
2019-12-01,117.7,abs,D,117.9
2020-01-01,117.8,abs,D,118.3
2020-02-01,118.2,abs,D,118.2
2020-03-01,118.4,abs,D,117.8
2020-04-01,118.1,abs,D,118.0
2020-05-01,117.8,abs,D,117.7
2020-06-01,117.1,abs,D,117.1
2020-07-01,116.5,abs,D,116.2
2020-08-01,116.3,abs,D,115.9
2020-09-01,116.4,abs,D,116.6
2020-10-01,115.9,abs,D,116.2
2020-11-01,116.7,abs,D,117.0
2020-12-01,115.7,abs,D,115.9
2021-01-01,115.6,abs,D,115.9
2021-02-01,115.9,abs,D,115.8
2021-03-01,116.8,abs,D,116.3
2021-04-01,117.1,abs,D,116.7
2021-05-01,117.9,abs,D,117.5
2021-06-01,116.9,abs,D,117.0
2021-07-01,116.7,abs,D,116.5
2021-08-01,116.8,abs,D,116.6
2021-09-01,116.2,abs,D,116.4
2021-10-01,116.7,abs,D,117.3
2021-11-01,116.4,abs,D,116.5
2021-12-01,116.5,abs,D,117.0
2022-01-01,116.6,abs,D,117.0
2022-02-01,116.8,abs,D,116.8
2022-03-01,117.0,abs,D,116.4
2022-04-01,117.8,abs,D,117.2
2022-05-01,117.2,abs,D,116.6
2022-06-01,116.7,abs,D,116.6
2022-07-01,117.7,abs,D,117.7
2022-08-01,117.8,abs,D,117.7
2022-09-01,117.6,abs,D,118.0
2022-10-01,118.1,abs,D,118.6
2022-11-01,118.0,abs,D,118.3
2022-12-01,117.7,abs,D,118.1
2023-01-01,118.0,abs,D,118.3
2023-02-01,118.0,abs,D,118.1
2023-03-01,118.6,abs,D,118.2
2023-04-01,117.9,abs,D,117.2
2023-05-01,118.6,abs,D,118.2
2023-06-01,117.9,abs,D,118.0
2023-07-01,117.8,abs,D,117.8
2023-08-01,117.7,abs,D,117.7
2023-09-01,118.2,abs,D,118.5
2023-10-01,117.5,abs,D,117.6
2023-11-01,117.3,abs,D,117.5
2023-12-01,117.0,abs,D,117.4
2024-01-01,117.1,abs,D,117.4
2024-02-01,118.1,abs,D,118.2
2024-03-01,118.7,abs,D,118.3
2024-04-01,119.1,abs,D,118.4
2024-05-01,120.4,abs,D,120.0
2024-06-01,119.1,abs,D,119.2
2024-07-01,118.2,abs,D,118.2
2024-08-01,118.9,abs,D,118.9
2024-09-01,118.5,abs,D,118.8
2024-10-01,118.4,abs,D,118.4
2024-11-01,118.3,abs,D,118.5
2024-12-01,118.1,abs,D,118.5
2025-01-01,117.6,abs,D,
2025-02-01,117.8,abs,D,
2025-03-01,118.1,abs,D,
2025-04-01,118.4,abs,D,
2025-05-01,119.1,abs,D,
2025-06-01,118.9,abs,D,
2025-07-01,122.9,abs,D,
2025-08-01,123.8,abs,D,
2025-09-01,123.9,abs,D,
2025-10-01,123.5,abs,D,
2025-11-01,123.2,abs,D,
2025-12-01,122.9,abs,D,
2026-01-01,123.4,abs,D,
2011-01-01,1.102,growth_yoy,D,
2011-02-01,0.402,growth_yoy,D,
2011-03-01,0.697,growth_yoy,D,
2011-04-01,0.903,growth_yoy,D,
2011-05-01,0.399,growth_yoy,D,
2011-06-01,1.503,growth_yoy,D,
2011-07-01,3.49,growth_yoy,D,
2011-08-01,6.526,growth_yoy,D,
2011-09-01,7.916,growth_yoy,D,
2011-10-01,7.093,growth_yoy,D,
2011-11-01,9.548,growth_yoy,D,
2011-12-01,6.621,growth_yoy,D,
2012-01-01,7.334,growth_yoy,D,
2012-02-01,7.615,growth_yoy,D,
2012-03-01,7.115,growth_yoy,D,
2012-04-01,5.567,growth_yoy,D,
2012-05-01,6.256,growth_yoy,D,
2012-06-01,5.824,growth_yoy,D,
2012-07-01,2.697,growth_yoy,D,
2012-08-01,0.848,growth_yoy,D,
2012-09-01,-1.207,growth_yoy,D,
2012-10-01,0.0,growth_yoy,D,
2012-11-01,-1.743,growth_yoy,D,
2012-12-01,0.0,growth_yoy,D,
2013-01-01,-0.923,growth_yoy,D,
2013-02-01,0.093,growth_yoy,D,
2013-03-01,-0.092,growth_yoy,D,
2013-04-01,1.13,growth_yoy,D,
2013-05-01,1.308,growth_yoy,D,
2013-06-01,1.306,growth_yoy,D,
2013-07-01,1.407,growth_yoy,D,
2013-08-01,0.467,growth_yoy,D,
2013-09-01,1.692,growth_yoy,D,
2013-10-01,0.933,growth_yoy,D,
2013-11-01,0.28,growth_yoy,D,
2013-12-01,-0.463,growth_yoy,D,
2014-01-01,2.889,growth_yoy,D,
2014-02-01,11.442,growth_yoy,D,
2014-03-01,12.188,growth_yoy,D,
2014-04-01,12.291,growth_yoy,D,
2014-05-01,12.085,growth_yoy,D,
2014-06-01,11.878,growth_yoy,D,
2014-07-01,13.414,growth_yoy,D,
2014-08-01,14.698,growth_yoy,D,
2014-09-01,8.503,growth_yoy,D,
2014-10-01,8.133,growth_yoy,D,
2014-11-01,7.728,growth_yoy,D,
2014-12-01,8.473,growth_yoy,D,
2015-01-01,4.891,growth_yoy,D,
2015-02-01,-3.088,growth_yoy,D,
2015-03-01,-3.786,growth_yoy,D,
2015-04-01,-5.224,growth_yoy,D,
2015-05-01,-5.35,growth_yoy,D,
2015-06-01,-5.679,growth_yoy,D,
2015-07-01,-8.401,growth_yoy,D,
2015-08-01,-9.246,growth_yoy,D,
2015-09-01,-4.77,growth_yoy,D,
2015-10-01,-4.359,growth_yoy,D,
2015-11-01,-4.149,growth_yoy,D,
2015-12-01,-4.893,growth_yoy,D,
2016-01-01,-4.145,growth_yoy,D,
2016-02-01,-4.22,growth_yoy,D,
2016-03-01,-4.962,growth_yoy,D,
2016-04-01,-3.85,growth_yoy,D,
2016-05-01,-3.565,growth_yoy,D,
2016-06-01,-1.134,growth_yoy,D,
2016-07-01,0.623,growth_yoy,D,
2016-08-01,1.34,growth_yoy,D,
2016-09-01,1.431,growth_yoy,D,
2016-10-01,2.145,growth_yoy,D,
2016-11-01,2.976,growth_yoy,D,
2016-12-01,3.52,growth_yoy,D,
2017-01-01,3.243,growth_yoy,D,
2017-02-01,2.968,growth_yoy,D,
2017-03-01,3.33,growth_yoy,D,
2017-04-01,4.186,growth_yoy,D,
2017-05-01,2.976,growth_yoy,D,
2017-06-01,0.794,growth_yoy,D,
2017-07-01,1.681,growth_yoy,D,
2017-08-01,1.675,growth_yoy,D,
2017-09-01,1.235,growth_yoy,D,
2017-10-01,0.262,growth_yoy,D,
2017-11-01,0.525,growth_yoy,D,
2017-12-01,-0.174,growth_yoy,D,
2018-01-01,-0.436,growth_yoy,D,
2018-02-01,0.786,growth_yoy,D,
2018-03-01,1.307,growth_yoy,D,
2018-04-01,1.485,growth_yoy,D,
2018-05-01,2.102,growth_yoy,D,
2018-06-01,1.313,growth_yoy,D,
2018-07-01,1.131,growth_yoy,D,
2018-08-01,0.607,growth_yoy,D,
2018-09-01,0.958,growth_yoy,D,
2018-10-01,1.047,growth_yoy,D,
2018-11-01,1.22,growth_yoy,D,
2018-12-01,1.572,growth_yoy,D,
2019-01-01,2.191,growth_yoy,D,
2019-02-01,0.78,growth_yoy,D,
2019-03-01,2.15,growth_yoy,D,
2019-04-01,1.463,growth_yoy,D,
2019-05-01,1.201,growth_yoy,D,
2019-06-01,1.815,growth_yoy,D,
2019-07-01,1.549,growth_yoy,D,
2019-08-01,2.155,growth_yoy,D,
2019-09-01,1.294,growth_yoy,D,
2019-10-01,1.295,growth_yoy,D,
2019-11-01,0.602,growth_yoy,D,
2019-12-01,1.204,growth_yoy,D,
2020-01-01,1.029,growth_yoy,D,
2020-02-01,1.634,growth_yoy,D,
2020-03-01,-0.337,growth_yoy,D,
2020-04-01,0.17,growth_yoy,D,
2020-05-01,-0.169,growth_yoy,D,
2020-06-01,-0.594,growth_yoy,D,
2020-07-01,-1.271,growth_yoy,D,
2020-08-01,-1.857,growth_yoy,D,
2020-09-01,-0.852,growth_yoy,D,
2020-10-01,-1.194,growth_yoy,D,
2020-11-01,-0.171,growth_yoy,D,
2020-12-01,-1.699,growth_yoy,D,
2021-01-01,-1.868,growth_yoy,D,
2021-02-01,-1.946,growth_yoy,D,
2021-03-01,-1.351,growth_yoy,D,
2021-04-01,-0.847,growth_yoy,D,
2021-05-01,0.085,growth_yoy,D,
2021-06-01,-0.171,growth_yoy,D,
2021-07-01,0.172,growth_yoy,D,
2021-08-01,0.43,growth_yoy,D,
2021-09-01,-0.172,growth_yoy,D,
2021-10-01,0.69,growth_yoy,D,
2021-11-01,-0.257,growth_yoy,D,
2021-12-01,0.691,growth_yoy,D,
2022-01-01,0.865,growth_yoy,D,
2022-02-01,0.777,growth_yoy,D,
2022-03-01,0.171,growth_yoy,D,
2022-04-01,0.598,growth_yoy,D,
2022-05-01,-0.594,growth_yoy,D,
2022-06-01,-0.171,growth_yoy,D,
2022-07-01,0.857,growth_yoy,D,
2022-08-01,0.856,growth_yoy,D,
2022-09-01,1.205,growth_yoy,D,
2022-10-01,1.2,growth_yoy,D,
2022-11-01,1.375,growth_yoy,D,
2022-12-01,1.03,growth_yoy,D,
2023-01-01,1.201,growth_yoy,D,
2023-02-01,1.027,growth_yoy,D,
2023-03-01,1.368,growth_yoy,D,
2023-04-01,0.085,growth_yoy,D,
2023-05-01,1.195,growth_yoy,D,
2023-06-01,1.028,growth_yoy,D,
2023-07-01,0.085,growth_yoy,D,
2023-08-01,-0.085,growth_yoy,D,
2023-09-01,0.51,growth_yoy,D,
2023-10-01,-0.508,growth_yoy,D,
2023-11-01,-0.593,growth_yoy,D,
2023-12-01,-0.595,growth_yoy,D,
2024-01-01,-0.763,growth_yoy,D,
2024-02-01,0.085,growth_yoy,D,
2024-03-01,0.084,growth_yoy,D,
2024-04-01,1.018,growth_yoy,D,
2024-05-01,1.518,growth_yoy,D,
2024-06-01,1.018,growth_yoy,D,
2024-07-01,0.34,growth_yoy,D,
2024-08-01,1.02,growth_yoy,D,
2024-09-01,0.254,growth_yoy,D,
2024-10-01,0.766,growth_yoy,D,
2024-11-01,0.853,growth_yoy,D,
2024-12-01,0.94,growth_yoy,D,
2025-01-01,0.427,growth_yoy,D,
2025-02-01,-0.254,growth_yoy,D,
2025-03-01,-0.505,growth_yoy,D,
2025-04-01,-0.588,growth_yoy,D,
2025-05-01,-1.08,growth_yoy,D,
2025-06-01,-0.168,growth_yoy,D,
2025-07-01,3.976,growth_yoy,D,
2025-08-01,4.121,growth_yoy,D,
2025-09-01,4.557,growth_yoy,D,
2025-10-01,4.307,growth_yoy,D,
2025-11-01,4.142,growth_yoy,D,
2025-12-01,4.064,growth_yoy,D,
2026-01-01,4.932,growth_yoy,D,
2010-02-01,-0.401,growth_mom,D,
2010-03-01,1.107,growth_mom,D,
2010-04-01,-0.796,growth_mom,D,
2010-05-01,0.602,growth_mom,D,
2010-06-01,-0.499,growth_mom,D,
2010-07-01,0.501,growth_mom,D,
2010-08-01,-0.698,growth_mom,D,
2010-09-01,0.201,growth_mom,D,
2010-10-01,0.301,growth_mom,D,
2010-11-01,-0.599,growth_mom,D,
2010-12-01,1.709,growth_mom,D,
2011-01-01,-0.296,growth_mom,D,
2011-02-01,-1.09,growth_mom,D,
2011-03-01,1.403,growth_mom,D,
2011-04-01,-0.593,growth_mom,D,
2011-05-01,0.099,growth_mom,D,
2011-06-01,0.596,growth_mom,D,
2011-07-01,2.468,growth_mom,D,
2011-08-01,2.216,growth_mom,D,
2011-09-01,1.508,growth_mom,D,
2011-10-01,-0.464,growth_mom,D,
2011-11-01,1.679,growth_mom,D,
2011-12-01,-1.009,growth_mom,D,
2012-01-01,0.371,growth_mom,D,
2012-02-01,-0.831,growth_mom,D,
2012-03-01,0.931,growth_mom,D,
2012-04-01,-2.03,growth_mom,D,
2012-05-01,0.753,growth_mom,D,
2012-06-01,0.187,growth_mom,D,
2012-07-01,-0.56,growth_mom,D,
2012-08-01,0.375,growth_mom,D,
2012-09-01,-0.561,growth_mom,D,
2012-10-01,0.752,growth_mom,D,
2012-11-01,-0.093,growth_mom,D,
2012-12-01,0.747,growth_mom,D,
2013-01-01,-0.556,growth_mom,D,
2013-02-01,0.186,growth_mom,D,
2013-03-01,0.744,growth_mom,D,
2013-04-01,-0.831,growth_mom,D,
2013-05-01,0.931,growth_mom,D,
2013-06-01,0.185,growth_mom,D,
2013-07-01,-0.46,growth_mom,D,
2013-08-01,-0.555,growth_mom,D,
2013-09-01,0.651,growth_mom,D,
2013-10-01,0.0,growth_mom,D,
2013-11-01,-0.739,growth_mom,D,
2013-12-01,0.0,growth_mom,D,
2014-01-01,2.793,growth_mom,D,
2014-02-01,8.514,growth_mom,D,
2014-03-01,1.419,growth_mom,D,
2014-04-01,-0.741,growth_mom,D,
2014-05-01,0.746,growth_mom,D,
2014-06-01,0.0,growth_mom,D,
2014-07-01,0.905,growth_mom,D,
2014-08-01,0.571,growth_mom,D,
2014-09-01,-4.785,growth_mom,D,
2014-10-01,-0.341,growth_mom,D,
2014-11-01,-1.111,growth_mom,D,
2014-12-01,0.691,growth_mom,D,
2015-01-01,-0.601,growth_mom,D,
2015-02-01,0.259,growth_mom,D,
2015-03-01,0.689,growth_mom,D,
2015-04-01,-2.224,growth_mom,D,
2015-05-01,0.612,growth_mom,D,
2015-06-01,-0.348,growth_mom,D,
2015-07-01,-2.007,growth_mom,D,
2015-08-01,-0.356,growth_mom,D,
2015-09-01,-0.089,growth_mom,D,
2015-10-01,0.089,growth_mom,D,
2015-11-01,-0.894,growth_mom,D,
2015-12-01,-0.09,growth_mom,D,
2016-01-01,0.181,growth_mom,D,
2016-02-01,0.18,growth_mom,D,
2016-03-01,-0.09,growth_mom,D,
2016-04-01,-1.08,growth_mom,D,
2016-05-01,0.91,growth_mom,D,
2016-06-01,2.164,growth_mom,D,
2016-07-01,-0.265,growth_mom,D,
2016-08-01,0.354,growth_mom,D,
2016-09-01,0.0,growth_mom,D,
2016-10-01,0.794,growth_mom,D,
2016-11-01,-0.087,growth_mom,D,
2016-12-01,0.438,growth_mom,D,
2017-01-01,-0.087,growth_mom,D,
2017-02-01,-0.087,growth_mom,D,-0.522
2017-03-01,0.262,growth_mom,D,-0.35
2017-04-01,-0.261,growth_mom,D,0.614
2017-05-01,-0.262,growth_mom,D,-0.697
2017-06-01,0.0,growth_mom,D,-0.439
2017-07-01,0.613,growth_mom,D,1.058
2017-08-01,0.348,growth_mom,D,0.524
2017-09-01,-0.434,growth_mom,D,-0.174
2017-10-01,-0.174,growth_mom,D,-0.174
2017-11-01,0.175,growth_mom,D,0.697
2017-12-01,-0.261,growth_mom,D,-0.519
2018-01-01,-0.349,growth_mom,D,-0.435
2018-02-01,1.139,growth_mom,D,0.699
2018-03-01,0.78,growth_mom,D,0.173
2018-04-01,-0.086,growth_mom,D,0.866
2018-05-01,0.344,growth_mom,D,-0.086
2018-06-01,-0.772,growth_mom,D,-1.289
2018-07-01,0.432,growth_mom,D,0.87
2018-08-01,-0.172,growth_mom,D,0.0
2018-09-01,-0.086,growth_mom,D,0.173
2018-10-01,-0.086,growth_mom,D,-0.086
2018-11-01,0.345,growth_mom,D,0.776
2018-12-01,0.086,growth_mom,D,-0.086
2019-01-01,0.258,growth_mom,D,0.257
2019-02-01,-0.257,growth_mom,D,-0.683
2019-03-01,2.15,growth_mom,D,1.634
2019-04-01,-0.758,growth_mom,D,-0.338
2019-05-01,0.085,growth_mom,D,0.0
2019-06-01,-0.169,growth_mom,D,-0.085
2019-07-01,0.17,growth_mom,D,0.0
2019-08-01,0.424,growth_mom,D,0.34
2019-09-01,-0.928,growth_mom,D,-0.423
2019-10-01,-0.085,growth_mom,D,0.0
2019-11-01,-0.341,growth_mom,D,-0.34
2019-12-01,0.684,growth_mom,D,0.597
2020-01-01,0.085,growth_mom,D,0.339
2020-02-01,0.34,growth_mom,D,-0.085
2020-03-01,0.169,growth_mom,D,-0.338
2020-04-01,-0.253,growth_mom,D,0.17
2020-05-01,-0.254,growth_mom,D,-0.254
2020-06-01,-0.594,growth_mom,D,-0.51
2020-07-01,-0.512,growth_mom,D,-0.769
2020-08-01,-0.172,growth_mom,D,-0.258
2020-09-01,0.086,growth_mom,D,0.604
2020-10-01,-0.43,growth_mom,D,-0.343
2020-11-01,0.69,growth_mom,D,0.688
2020-12-01,-0.857,growth_mom,D,-0.94
2021-01-01,-0.086,growth_mom,D,0.0
2021-02-01,0.26,growth_mom,D,-0.086
2021-03-01,0.777,growth_mom,D,0.432
2021-04-01,0.257,growth_mom,D,0.344
2021-05-01,0.683,growth_mom,D,0.686
2021-06-01,-0.848,growth_mom,D,-0.426
2021-07-01,-0.171,growth_mom,D,-0.427
2021-08-01,0.086,growth_mom,D,0.086
2021-09-01,-0.514,growth_mom,D,-0.172
2021-10-01,0.43,growth_mom,D,0.773
2021-11-01,-0.257,growth_mom,D,-0.682
2021-12-01,0.086,growth_mom,D,0.429
2022-01-01,0.086,growth_mom,D,0.0
2022-02-01,0.172,growth_mom,D,-0.171
2022-03-01,0.171,growth_mom,D,-0.342
2022-04-01,0.684,growth_mom,D,0.687
2022-05-01,-0.509,growth_mom,D,-0.512
2022-06-01,-0.427,growth_mom,D,0.0
2022-07-01,0.857,growth_mom,D,0.943
2022-08-01,0.085,growth_mom,D,0.0
2022-09-01,-0.17,growth_mom,D,0.255
2022-10-01,0.425,growth_mom,D,0.508
2022-11-01,-0.085,growth_mom,D,-0.253
2022-12-01,-0.254,growth_mom,D,-0.169
2023-01-01,0.255,growth_mom,D,0.169
2023-02-01,0.0,growth_mom,D,-0.169
2023-03-01,0.508,growth_mom,D,0.085
2023-04-01,-0.59,growth_mom,D,-0.846
2023-05-01,0.594,growth_mom,D,0.853
2023-06-01,-0.59,growth_mom,D,-0.169
2023-07-01,-0.085,growth_mom,D,-0.169
2023-08-01,-0.085,growth_mom,D,-0.085
2023-09-01,0.425,growth_mom,D,0.68
2023-10-01,-0.592,growth_mom,D,-0.759
2023-11-01,-0.17,growth_mom,D,-0.085
2023-12-01,-0.256,growth_mom,D,-0.085
2024-01-01,0.085,growth_mom,D,0.0
2024-02-01,0.854,growth_mom,D,0.681
2024-03-01,0.508,growth_mom,D,0.085
2024-04-01,0.337,growth_mom,D,0.085
2024-05-01,1.092,growth_mom,D,1.351
2024-06-01,-1.08,growth_mom,D,-0.667
2024-07-01,-0.756,growth_mom,D,-0.839
2024-08-01,0.592,growth_mom,D,0.592
2024-09-01,-0.336,growth_mom,D,-0.084
2024-10-01,-0.084,growth_mom,D,-0.337
2024-11-01,-0.084,growth_mom,D,0.084
2024-12-01,-0.169,growth_mom,D,0.0
2025-01-01,-0.423,growth_mom,D,
2025-02-01,0.17,growth_mom,D,
2025-03-01,0.255,growth_mom,D,
2025-04-01,0.254,growth_mom,D,
2025-05-01,0.591,growth_mom,D,
2025-06-01,-0.168,growth_mom,D,
2025-07-01,3.364,growth_mom,D,
2025-08-01,0.732,growth_mom,D,
2025-09-01,0.081,growth_mom,D,
2025-10-01,-0.323,growth_mom,D,
2025-11-01,-0.243,growth_mom,D,
2025-12-01,-0.244,growth_mom,D,
2026-01-01,0.407,growth_mom,D,
2010-01-01,99.2,abs,E,
2010-02-01,99.1,abs,E,
2010-03-01,99.2,abs,E,
2010-04-01,99.9,abs,E,
2010-05-01,101.5,abs,E,
2010-06-01,99.9,abs,E,
2010-07-01,99.6,abs,E,
2010-08-01,99.4,abs,E,
2010-09-01,99.5,abs,E,
2010-10-01,99.8,abs,E,
2010-11-01,101.0,abs,E,
2010-12-01,102.0,abs,E,
2011-01-01,102.8,abs,E,
2011-02-01,103.0,abs,E,
2011-03-01,104.3,abs,E,
2011-04-01,103.9,abs,E,
2011-05-01,104.3,abs,E,
2011-06-01,104.9,abs,E,
2011-07-01,105.1,abs,E,
2011-08-01,105.0,abs,E,
2011-09-01,103.9,abs,E,
2011-10-01,104.9,abs,E,
2011-11-01,104.2,abs,E,
2011-12-01,104.3,abs,E,
2012-01-01,103.5,abs,E,
2012-02-01,104.1,abs,E,
2012-03-01,104.1,abs,E,
2012-04-01,103.0,abs,E,
2012-05-01,103.5,abs,E,
2012-06-01,104.3,abs,E,
2012-07-01,105.2,abs,E,
2012-08-01,103.6,abs,E,
2012-09-01,104.4,abs,E,
2012-10-01,104.2,abs,E,
2012-11-01,104.5,abs,E,
2012-12-01,104.6,abs,E,
2013-01-01,105.6,abs,E,
2013-02-01,104.1,abs,E,
2013-03-01,104.7,abs,E,
2013-04-01,105.3,abs,E,
2013-05-01,104.2,abs,E,
2013-06-01,106.4,abs,E,
2013-07-01,108.0,abs,E,
2013-08-01,106.3,abs,E,
2013-09-01,107.9,abs,E,
2013-10-01,110.8,abs,E,
2013-11-01,108.3,abs,E,
2013-12-01,108.1,abs,E,
2014-01-01,106.6,abs,E,
2014-02-01,107.6,abs,E,
2014-03-01,107.7,abs,E,
2014-04-01,109.0,abs,E,
2014-05-01,107.1,abs,E,
2014-06-01,108.4,abs,E,
2014-07-01,106.8,abs,E,
2014-08-01,106.9,abs,E,
2014-09-01,107.5,abs,E,
2014-10-01,107.6,abs,E,
2014-11-01,108.3,abs,E,
2014-12-01,107.1,abs,E,
2015-01-01,107.4,abs,E,
2015-02-01,103.8,abs,E,
2015-03-01,107.8,abs,E,
2015-04-01,108.0,abs,E,
2015-05-01,109.1,abs,E,
2015-06-01,111.1,abs,E,
2015-07-01,110.6,abs,E,
2015-08-01,112.2,abs,E,
2015-09-01,112.1,abs,E,
2015-10-01,113.5,abs,E,
2015-11-01,113.8,abs,E,
2015-12-01,114.1,abs,E,
2016-01-01,113.0,abs,E,
2016-02-01,112.9,abs,E,
2016-03-01,112.8,abs,E,
2016-04-01,115.2,abs,E,
2016-05-01,114.2,abs,E,
2016-06-01,114.9,abs,E,
2016-07-01,113.8,abs,E,
2016-08-01,114.3,abs,E,
2016-09-01,114.8,abs,E,
2016-10-01,115.2,abs,E,
2016-11-01,114.2,abs,E,
2016-12-01,114.6,abs,E,
2017-01-01,113.0,abs,E,
2017-02-01,112.8,abs,E,
2017-03-01,113.9,abs,E,
2017-04-01,114.0,abs,E,
2017-05-01,114.5,abs,E,
2017-06-01,114.1,abs,E,
2017-07-01,114.3,abs,E,
2017-08-01,115.2,abs,E,
2017-09-01,114.3,abs,E,
2017-10-01,114.8,abs,E,
2017-11-01,114.4,abs,E,
2017-12-01,114.1,abs,E,
2018-01-01,114.1,abs,E,
2018-02-01,114.2,abs,E,
2018-03-01,114.0,abs,E,
2018-04-01,115.2,abs,E,
2018-05-01,114.6,abs,E,
2018-06-01,113.9,abs,E,
2018-07-01,114.6,abs,E,
2018-08-01,114.6,abs,E,
2018-09-01,114.8,abs,E,
2018-10-01,113.7,abs,E,
2018-11-01,114.3,abs,E,
2018-12-01,115.0,abs,E,
2019-01-01,113.0,abs,E,
2019-02-01,111.9,abs,E,
2019-03-01,112.1,abs,E,
2019-04-01,112.2,abs,E,
2019-05-01,112.0,abs,E,
2019-06-01,111.8,abs,E,
2019-07-01,111.4,abs,E,
2019-08-01,111.6,abs,E,
2019-09-01,111.6,abs,E,
2019-10-01,111.6,abs,E,
2019-11-01,111.7,abs,E,
2019-12-01,111.7,abs,E,
2020-01-01,111.7,abs,E,
2020-02-01,111.0,abs,E,
2020-03-01,111.8,abs,E,
2020-04-01,111.1,abs,E,
2020-05-01,110.8,abs,E,
2020-06-01,110.5,abs,E,
2020-07-01,110.7,abs,E,
2020-08-01,112.4,abs,E,
2020-09-01,112.7,abs,E,
2020-10-01,112.7,abs,E,
2020-11-01,112.7,abs,E,
2020-12-01,112.5,abs,E,
2021-01-01,112.3,abs,E,
2021-02-01,111.9,abs,E,
2021-03-01,111.7,abs,E,
2021-04-01,112.4,abs,E,
2021-05-01,112.5,abs,E,
2021-06-01,112.3,abs,E,
2021-07-01,112.1,abs,E,
2021-08-01,111.9,abs,E,
2021-09-01,111.8,abs,E,
2021-10-01,111.9,abs,E,
2021-11-01,112.9,abs,E,
2021-12-01,113.5,abs,E,
2022-01-01,113.7,abs,E,114.1
2022-02-01,113.5,abs,E,113.5
2022-03-01,113.6,abs,E,113.0
2022-04-01,113.8,abs,E,113.2
2022-05-01,113.9,abs,E,113.4
2022-06-01,114.7,abs,E,114.6
2022-07-01,114.4,abs,E,114.4
2022-08-01,115.3,abs,E,115.2
2022-09-01,116.6,abs,E,117.0
2022-10-01,117.4,abs,E,117.9
2022-11-01,117.6,abs,E,117.9
2022-12-01,117.8,abs,E,118.2
2023-01-01,118.0,abs,E,117.6
2023-02-01,117.7,abs,E,117.8
2023-03-01,117.4,abs,E,117.8
2023-04-01,117.4,abs,E,117.6
2023-05-01,117.3,abs,E,117.7
2023-06-01,118.4,abs,E,118.5
2023-07-01,118.0,abs,E,118.5
2023-08-01,118.2,abs,E,118.4
2023-09-01,117.7,abs,E,117.5
2023-10-01,118.6,abs,E,118.1
2023-11-01,118.8,abs,E,118.3
2023-12-01,118.3,abs,E,117.8
2024-01-01,118.7,abs,E,118.3
2024-02-01,121.9,abs,E,122.0
2024-03-01,124.4,abs,E,124.8
2024-04-01,125.8,abs,E,126.1
2024-05-01,127.5,abs,E,128.0
2024-06-01,127.6,abs,E,127.7
2024-07-01,128.6,abs,E,129.2
2024-08-01,127.6,abs,E,127.9
2024-09-01,126.9,abs,E,126.7
2024-10-01,126.8,abs,E,126.3
2024-11-01,126.6,abs,E,126.0
2024-12-01,126.2,abs,E,125.7
2025-01-01,127.7,abs,E,127.4
2025-02-01,125.4,abs,E,125.9
2025-03-01,125.3,abs,E,125.6
2025-04-01,126.9,abs,E,126.8
2025-05-01,127.2,abs,E,127.0
2025-06-01,127.4,abs,E,127.2
2025-07-01,128.5,abs,E,128.2
2025-08-01,132.0,abs,E,131.9
2025-09-01,138.4,abs,E,138.5
2025-10-01,140.5,abs,E,140.2
2025-11-01,139.4,abs,E,139.5
2025-12-01,139.9,abs,E,139.9
2026-01-01,140.7,abs,E,140.3
2011-01-01,3.629,growth_yoy,E,
2011-02-01,3.935,growth_yoy,E,
2011-03-01,5.141,growth_yoy,E,
2011-04-01,4.004,growth_yoy,E,
2011-05-01,2.759,growth_yoy,E,
2011-06-01,5.005,growth_yoy,E,
2011-07-01,5.522,growth_yoy,E,
2011-08-01,5.634,growth_yoy,E,
2011-09-01,4.422,growth_yoy,E,
2011-10-01,5.11,growth_yoy,E,
2011-11-01,3.168,growth_yoy,E,
2011-12-01,2.255,growth_yoy,E,
2012-01-01,0.681,growth_yoy,E,
2012-02-01,1.068,growth_yoy,E,
2012-03-01,-0.192,growth_yoy,E,
2012-04-01,-0.866,growth_yoy,E,
2012-05-01,-0.767,growth_yoy,E,
2012-06-01,-0.572,growth_yoy,E,
2012-07-01,0.095,growth_yoy,E,
2012-08-01,-1.333,growth_yoy,E,
2012-09-01,0.481,growth_yoy,E,
2012-10-01,-0.667,growth_yoy,E,
2012-11-01,0.288,growth_yoy,E,
2012-12-01,0.288,growth_yoy,E,
2013-01-01,2.029,growth_yoy,E,
2013-02-01,0.0,growth_yoy,E,
2013-03-01,0.576,growth_yoy,E,
2013-04-01,2.233,growth_yoy,E,
2013-05-01,0.676,growth_yoy,E,
2013-06-01,2.013,growth_yoy,E,
2013-07-01,2.662,growth_yoy,E,
2013-08-01,2.606,growth_yoy,E,
2013-09-01,3.352,growth_yoy,E,
2013-10-01,6.334,growth_yoy,E,
2013-11-01,3.636,growth_yoy,E,
2013-12-01,3.346,growth_yoy,E,
2014-01-01,0.947,growth_yoy,E,
2014-02-01,3.362,growth_yoy,E,
2014-03-01,2.865,growth_yoy,E,
2014-04-01,3.514,growth_yoy,E,
2014-05-01,2.783,growth_yoy,E,
2014-06-01,1.88,growth_yoy,E,
2014-07-01,-1.111,growth_yoy,E,
2014-08-01,0.564,growth_yoy,E,
2014-09-01,-0.371,growth_yoy,E,
2014-10-01,-2.888,growth_yoy,E,
2014-11-01,0.0,growth_yoy,E,
2014-12-01,-0.925,growth_yoy,E,
2015-01-01,0.75,growth_yoy,E,
2015-02-01,-3.532,growth_yoy,E,
2015-03-01,0.093,growth_yoy,E,
2015-04-01,-0.917,growth_yoy,E,
2015-05-01,1.867,growth_yoy,E,
2015-06-01,2.491,growth_yoy,E,
2015-07-01,3.558,growth_yoy,E,
2015-08-01,4.958,growth_yoy,E,
2015-09-01,4.279,growth_yoy,E,
2015-10-01,5.483,growth_yoy,E,
2015-11-01,5.078,growth_yoy,E,
2015-12-01,6.536,growth_yoy,E,
2016-01-01,5.214,growth_yoy,E,
2016-02-01,8.767,growth_yoy,E,
2016-03-01,4.638,growth_yoy,E,
2016-04-01,6.667,growth_yoy,E,
2016-05-01,4.675,growth_yoy,E,
2016-06-01,3.42,growth_yoy,E,
2016-07-01,2.893,growth_yoy,E,
2016-08-01,1.872,growth_yoy,E,
2016-09-01,2.409,growth_yoy,E,
2016-10-01,1.498,growth_yoy,E,
2016-11-01,0.351,growth_yoy,E,
2016-12-01,0.438,growth_yoy,E,
2017-01-01,0.0,growth_yoy,E,
2017-02-01,-0.089,growth_yoy,E,
2017-03-01,0.975,growth_yoy,E,
2017-04-01,-1.042,growth_yoy,E,
2017-05-01,0.263,growth_yoy,E,
2017-06-01,-0.696,growth_yoy,E,
2017-07-01,0.439,growth_yoy,E,
2017-08-01,0.787,growth_yoy,E,
2017-09-01,-0.436,growth_yoy,E,
2017-10-01,-0.347,growth_yoy,E,
2017-11-01,0.175,growth_yoy,E,
2017-12-01,-0.436,growth_yoy,E,
2018-01-01,0.973,growth_yoy,E,
2018-02-01,1.241,growth_yoy,E,
2018-03-01,0.088,growth_yoy,E,
2018-04-01,1.053,growth_yoy,E,
2018-05-01,0.087,growth_yoy,E,
2018-06-01,-0.175,growth_yoy,E,
2018-07-01,0.262,growth_yoy,E,
2018-08-01,-0.521,growth_yoy,E,
2018-09-01,0.437,growth_yoy,E,
2018-10-01,-0.958,growth_yoy,E,
2018-11-01,-0.087,growth_yoy,E,
2018-12-01,0.789,growth_yoy,E,
2019-01-01,-0.964,growth_yoy,E,
2019-02-01,-2.014,growth_yoy,E,
2019-03-01,-1.667,growth_yoy,E,
2019-04-01,-2.604,growth_yoy,E,
2019-05-01,-2.269,growth_yoy,E,
2019-06-01,-1.844,growth_yoy,E,
2019-07-01,-2.792,growth_yoy,E,
2019-08-01,-2.618,growth_yoy,E,
2019-09-01,-2.787,growth_yoy,E,
2019-10-01,-1.847,growth_yoy,E,
2019-11-01,-2.275,growth_yoy,E,
2019-12-01,-2.87,growth_yoy,E,
2020-01-01,-1.15,growth_yoy,E,
2020-02-01,-0.804,growth_yoy,E,
2020-03-01,-0.268,growth_yoy,E,
2020-04-01,-0.98,growth_yoy,E,
2020-05-01,-1.071,growth_yoy,E,
2020-06-01,-1.163,growth_yoy,E,
2020-07-01,-0.628,growth_yoy,E,
2020-08-01,0.717,growth_yoy,E,
2020-09-01,0.986,growth_yoy,E,
2020-10-01,0.986,growth_yoy,E,
2020-11-01,0.895,growth_yoy,E,
2020-12-01,0.716,growth_yoy,E,
2021-01-01,0.537,growth_yoy,E,
2021-02-01,0.811,growth_yoy,E,
2021-03-01,-0.089,growth_yoy,E,
2021-04-01,1.17,growth_yoy,E,
2021-05-01,1.534,growth_yoy,E,
2021-06-01,1.629,growth_yoy,E,
2021-07-01,1.265,growth_yoy,E,
2021-08-01,-0.445,growth_yoy,E,
2021-09-01,-0.799,growth_yoy,E,
2021-10-01,-0.71,growth_yoy,E,
2021-11-01,0.177,growth_yoy,E,
2021-12-01,0.889,growth_yoy,E,
2022-01-01,1.247,growth_yoy,E,
2022-02-01,1.43,growth_yoy,E,
2022-03-01,1.701,growth_yoy,E,
2022-04-01,1.246,growth_yoy,E,
2022-05-01,1.244,growth_yoy,E,
2022-06-01,2.137,growth_yoy,E,
2022-07-01,2.052,growth_yoy,E,
2022-08-01,3.038,growth_yoy,E,
2022-09-01,4.293,growth_yoy,E,
2022-10-01,4.915,growth_yoy,E,
2022-11-01,4.163,growth_yoy,E,
2022-12-01,3.789,growth_yoy,E,
2023-01-01,3.782,growth_yoy,E,
2023-02-01,3.7,growth_yoy,E,
2023-03-01,3.345,growth_yoy,E,
2023-04-01,3.163,growth_yoy,E,
2023-05-01,2.985,growth_yoy,E,
2023-06-01,3.226,growth_yoy,E,
2023-07-01,3.147,growth_yoy,E,
2023-08-01,2.515,growth_yoy,E,
2023-09-01,0.943,growth_yoy,E,
2023-10-01,1.022,growth_yoy,E,
2023-11-01,1.02,growth_yoy,E,
2023-12-01,0.424,growth_yoy,E,
2024-01-01,0.593,growth_yoy,E,
2024-02-01,3.568,growth_yoy,E,
2024-03-01,5.963,growth_yoy,E,
2024-04-01,7.155,growth_yoy,E,
2024-05-01,8.696,growth_yoy,E,
2024-06-01,7.77,growth_yoy,E,
2024-07-01,8.983,growth_yoy,E,
2024-08-01,7.953,growth_yoy,E,
2024-09-01,7.816,growth_yoy,E,
2024-10-01,6.914,growth_yoy,E,
2024-11-01,6.566,growth_yoy,E,
2024-12-01,6.678,growth_yoy,E,
2025-01-01,7.582,growth_yoy,E,
2025-02-01,2.871,growth_yoy,E,
2025-03-01,0.723,growth_yoy,E,
2025-04-01,0.874,growth_yoy,E,
2025-05-01,-0.235,growth_yoy,E,
2025-06-01,-0.157,growth_yoy,E,
2025-07-01,-0.078,growth_yoy,E,
2025-08-01,3.448,growth_yoy,E,
2025-09-01,9.062,growth_yoy,E,
2025-10-01,10.804,growth_yoy,E,
2025-11-01,10.111,growth_yoy,E,
2025-12-01,10.856,growth_yoy,E,
2026-01-01,10.18,growth_yoy,E,
2010-02-01,-0.101,growth_mom,E,
2010-03-01,0.101,growth_mom,E,
2010-04-01,0.706,growth_mom,E,
2010-05-01,1.602,growth_mom,E,
2010-06-01,-1.576,growth_mom,E,
2010-07-01,-0.3,growth_mom,E,
2010-08-01,-0.201,growth_mom,E,
2010-09-01,0.101,growth_mom,E,
2010-10-01,0.302,growth_mom,E,
2010-11-01,1.202,growth_mom,E,
2010-12-01,0.99,growth_mom,E,
2011-01-01,0.784,growth_mom,E,
2011-02-01,0.195,growth_mom,E,
2011-03-01,1.262,growth_mom,E,
2011-04-01,-0.384,growth_mom,E,
2011-05-01,0.385,growth_mom,E,
2011-06-01,0.575,growth_mom,E,
2011-07-01,0.191,growth_mom,E,
2011-08-01,-0.095,growth_mom,E,
2011-09-01,-1.048,growth_mom,E,
2011-10-01,0.962,growth_mom,E,
2011-11-01,-0.667,growth_mom,E,
2011-12-01,0.096,growth_mom,E,
2012-01-01,-0.767,growth_mom,E,
2012-02-01,0.58,growth_mom,E,
2012-03-01,0.0,growth_mom,E,
2012-04-01,-1.057,growth_mom,E,
2012-05-01,0.485,growth_mom,E,
2012-06-01,0.773,growth_mom,E,
2012-07-01,0.863,growth_mom,E,
2012-08-01,-1.521,growth_mom,E,
2012-09-01,0.772,growth_mom,E,
2012-10-01,-0.192,growth_mom,E,
2012-11-01,0.288,growth_mom,E,
2012-12-01,0.096,growth_mom,E,
2013-01-01,0.956,growth_mom,E,
2013-02-01,-1.42,growth_mom,E,
2013-03-01,0.576,growth_mom,E,
2013-04-01,0.573,growth_mom,E,
2013-05-01,-1.045,growth_mom,E,
2013-06-01,2.111,growth_mom,E,
2013-07-01,1.504,growth_mom,E,
2013-08-01,-1.574,growth_mom,E,
2013-09-01,1.505,growth_mom,E,
2013-10-01,2.688,growth_mom,E,
2013-11-01,-2.256,growth_mom,E,
2013-12-01,-0.185,growth_mom,E,
2014-01-01,-1.388,growth_mom,E,
2014-02-01,0.938,growth_mom,E,
2014-03-01,0.093,growth_mom,E,
2014-04-01,1.207,growth_mom,E,
2014-05-01,-1.743,growth_mom,E,
2014-06-01,1.214,growth_mom,E,
2014-07-01,-1.476,growth_mom,E,
2014-08-01,0.094,growth_mom,E,
2014-09-01,0.561,growth_mom,E,
2014-10-01,0.093,growth_mom,E,
2014-11-01,0.651,growth_mom,E,
2014-12-01,-1.108,growth_mom,E,
2015-01-01,0.28,growth_mom,E,
2015-02-01,-3.352,growth_mom,E,
2015-03-01,3.854,growth_mom,E,
2015-04-01,0.186,growth_mom,E,
2015-05-01,1.019,growth_mom,E,
2015-06-01,1.833,growth_mom,E,
2015-07-01,-0.45,growth_mom,E,
2015-08-01,1.447,growth_mom,E,
2015-09-01,-0.089,growth_mom,E,
2015-10-01,1.249,growth_mom,E,
2015-11-01,0.264,growth_mom,E,
2015-12-01,0.264,growth_mom,E,
2016-01-01,-0.964,growth_mom,E,
2016-02-01,-0.088,growth_mom,E,
2016-03-01,-0.089,growth_mom,E,
2016-04-01,2.128,growth_mom,E,
2016-05-01,-0.868,growth_mom,E,
2016-06-01,0.613,growth_mom,E,
2016-07-01,-0.957,growth_mom,E,
2016-08-01,0.439,growth_mom,E,
2016-09-01,0.437,growth_mom,E,
2016-10-01,0.348,growth_mom,E,
2016-11-01,-0.868,growth_mom,E,
2016-12-01,0.35,growth_mom,E,
2017-01-01,-1.396,growth_mom,E,
2017-02-01,-0.177,growth_mom,E,
2017-03-01,0.975,growth_mom,E,
2017-04-01,0.088,growth_mom,E,
2017-05-01,0.439,growth_mom,E,
2017-06-01,-0.349,growth_mom,E,
2017-07-01,0.175,growth_mom,E,
2017-08-01,0.787,growth_mom,E,
2017-09-01,-0.781,growth_mom,E,
2017-10-01,0.437,growth_mom,E,
2017-11-01,-0.348,growth_mom,E,
2017-12-01,-0.262,growth_mom,E,
2018-01-01,0.0,growth_mom,E,
2018-02-01,0.088,growth_mom,E,
2018-03-01,-0.175,growth_mom,E,
2018-04-01,1.053,growth_mom,E,
2018-05-01,-0.521,growth_mom,E,
2018-06-01,-0.611,growth_mom,E,
2018-07-01,0.615,growth_mom,E,
2018-08-01,0.0,growth_mom,E,
2018-09-01,0.175,growth_mom,E,
2018-10-01,-0.958,growth_mom,E,
2018-11-01,0.528,growth_mom,E,
2018-12-01,0.612,growth_mom,E,
2019-01-01,-1.739,growth_mom,E,
2019-02-01,-0.973,growth_mom,E,
2019-03-01,0.179,growth_mom,E,
2019-04-01,0.089,growth_mom,E,
2019-05-01,-0.178,growth_mom,E,
2019-06-01,-0.179,growth_mom,E,
2019-07-01,-0.358,growth_mom,E,
2019-08-01,0.18,growth_mom,E,
2019-09-01,0.0,growth_mom,E,
2019-10-01,0.0,growth_mom,E,
2019-11-01,0.09,growth_mom,E,
2019-12-01,0.0,growth_mom,E,
2020-01-01,0.0,growth_mom,E,
2020-02-01,-0.627,growth_mom,E,
2020-03-01,0.721,growth_mom,E,
2020-04-01,-0.626,growth_mom,E,
2020-05-01,-0.27,growth_mom,E,
2020-06-01,-0.271,growth_mom,E,
2020-07-01,0.181,growth_mom,E,
2020-08-01,1.536,growth_mom,E,
2020-09-01,0.267,growth_mom,E,
2020-10-01,0.0,growth_mom,E,
2020-11-01,0.0,growth_mom,E,
2020-12-01,-0.177,growth_mom,E,
2021-01-01,-0.178,growth_mom,E,
2021-02-01,-0.356,growth_mom,E,
2021-03-01,-0.179,growth_mom,E,
2021-04-01,0.627,growth_mom,E,
2021-05-01,0.089,growth_mom,E,
2021-06-01,-0.178,growth_mom,E,
2021-07-01,-0.178,growth_mom,E,
2021-08-01,-0.178,growth_mom,E,
2021-09-01,-0.089,growth_mom,E,
2021-10-01,0.089,growth_mom,E,
2021-11-01,0.894,growth_mom,E,
2021-12-01,0.531,growth_mom,E,
2022-01-01,0.176,growth_mom,E,
2022-02-01,-0.176,growth_mom,E,-0.526
2022-03-01,0.088,growth_mom,E,-0.441
2022-04-01,0.176,growth_mom,E,0.177
2022-05-01,0.088,growth_mom,E,0.177
2022-06-01,0.702,growth_mom,E,1.058
2022-07-01,-0.262,growth_mom,E,-0.175
2022-08-01,0.787,growth_mom,E,0.699
2022-09-01,1.127,growth_mom,E,1.562
2022-10-01,0.686,growth_mom,E,0.769
2022-11-01,0.17,growth_mom,E,0.0
2022-12-01,0.17,growth_mom,E,0.254
2023-01-01,0.17,growth_mom,E,-0.508
2023-02-01,-0.254,growth_mom,E,0.17
2023-03-01,-0.255,growth_mom,E,0.0
2023-04-01,0.0,growth_mom,E,-0.17
2023-05-01,-0.085,growth_mom,E,0.085
2023-06-01,0.938,growth_mom,E,0.68
2023-07-01,-0.338,growth_mom,E,0.0
2023-08-01,0.169,growth_mom,E,-0.084
2023-09-01,-0.423,growth_mom,E,-0.76
2023-10-01,0.765,growth_mom,E,0.511
2023-11-01,0.169,growth_mom,E,0.169
2023-12-01,-0.421,growth_mom,E,-0.423
2024-01-01,0.338,growth_mom,E,0.424
2024-02-01,2.696,growth_mom,E,3.128
2024-03-01,2.051,growth_mom,E,2.295
2024-04-01,1.125,growth_mom,E,1.042
2024-05-01,1.351,growth_mom,E,1.507
2024-06-01,0.078,growth_mom,E,-0.234
2024-07-01,0.784,growth_mom,E,1.175
2024-08-01,-0.778,growth_mom,E,-1.006
2024-09-01,-0.549,growth_mom,E,-0.938
2024-10-01,-0.079,growth_mom,E,-0.316
2024-11-01,-0.158,growth_mom,E,-0.238
2024-12-01,-0.316,growth_mom,E,-0.238
2025-01-01,1.189,growth_mom,E,1.352
2025-02-01,-1.801,growth_mom,E,-1.177
2025-03-01,-0.08,growth_mom,E,-0.238
2025-04-01,1.277,growth_mom,E,0.955
2025-05-01,0.236,growth_mom,E,0.158
2025-06-01,0.157,growth_mom,E,0.157
2025-07-01,0.863,growth_mom,E,0.786
2025-08-01,2.724,growth_mom,E,2.886
2025-09-01,4.848,growth_mom,E,5.004
2025-10-01,1.517,growth_mom,E,1.227
2025-11-01,-0.783,growth_mom,E,-0.499
2025-12-01,0.359,growth_mom,E,0.287
2026-01-01,0.572,growth_mom,E,0.286
